Brand,Product Name,Model No,Size,EU Size,Color,Musinsa Price,Musinsa Stock,Poizon Price,Poizon Stock,Profit,Margin (%),Status,Poizon Score,Poizon Rank,Image URL,Musinsa URL,Has Profit,Updated At
노스페이스,NJ3NS02K 화이트라벨 칼릭스 T 자켓 WHITE,NJ3NS02K,85,085(XS),WHITE,264100,OUT_OF_STOCK,0,OUT_OF_STOCK,0,0.0,N/A,0.0,F (정체),https:/images/prd_img/20260119/5907206/detail_5907206_17696449744363_500.jpg,https://www.musinsa.com/products/5907206,False,2026-02-04 11:35:53
노스페이스,NJ3NS02K 화이트라벨 칼릭스 T 자켓 WHITE,NJ3NS02K,90,090(S),WHITE,264100,OUT_OF_STOCK,0,OUT_OF_STOCK,0,0.0,N/A,0.0,F (정체),https:/images/prd_img/20260119/5907206/detail_5907206_17696449744363_500.jpg,https://www.musinsa.com/products/5907206,False,2026-02-04 11:35:53
노스페이스,NJ3NS02K 화이트라벨 칼릭스 T 자켓 WHITE,NJ3NS02K,95,095(M),WHITE,264100,OUT_OF_STOCK,0,OUT_OF_STOCK,0,0.0,N/A,0.0,F (정체),https:/images/prd_img/20260119/5907206/detail_5907206_17696449744363_500.jpg,https://www.musinsa.com/products/5907206,False,2026-02-04 11:35:53
노스페이스,NJ3NS02K 화이트라벨 칼릭스 T 자켓 WHITE,NJ3NS02K,100,100(L),WHITE,264100,OUT_OF_STOCK,0,OUT_OF_STOCK,0,0.0,N/A,0.0,F (정체),https:/images/prd_img/20260119/5907206/detail_5907206_17696449744363_500.jpg,https://www.musinsa.com/products/5907206,False,2026-02-04 11:35:53
노스페이스,NJ3NS02K 화이트라벨 칼릭스 T 자켓 WHITE,NJ3NS02K,105,105(XL),WHITE,264100,OUT_OF_STOCK,0,OUT_OF_STOCK,0,0.0,N/A,0.0,F (정체),https:/images/prd_img/20260119/5907206/detail_5907206_17696449744363_500.jpg,https://www.musinsa.com/products/5907206,False,2026-02-04 11:35:53
노스페이스,NJ3NS02K 화이트라벨 칼릭스 T 자켓 WHITE,NJ3NS02K,110,110(XXL),WHITE,264100,IN_STOCK,0,OUT_OF_STOCK,0,0.0,N/A,0.0,F (정체),https:/images/prd_img/20260119/5907206/detail_5907206_17696449744363_500.jpg,https://www.musinsa.com/products/5907206,False,2026-02-04 11:35:53
나이키,에어 조던 1 로우 W - 세일:오프 누아르:라이트 스모크 그레이:소프트 펄 / IH7323-100,IH7323-100,220,35.5,아이보리,0,N/A,120000,IN_STOCK,0,0.0,N/A,614.05,A (매우 빠름),https:/images/prd_img/20251104/5685438/detail_5685438_17635955710775_500.jpg,,False,2026-02-04 11:35:53
나이키,에어 조던 1 로우 W - 세일:오프 누아르:라이트 스모크 그레이:소프트 펄 / IH7323-100,IH7323-100,230,36.5,아이보리,0,N/A,111000,IN_STOCK,0,0.0,N/A,614.05,A (매우 빠름),https:/images/prd_img/20251104/5685438/detail_5685438_17635955710775_500.jpg,,False,2026-02-04 11:35:53
나이키,에어 조던 1 로우 W - 세일:오프 누아르:라이트 스모크 그레이:소프트 펄 / IH7323-100,IH7323-100,235,37.5,아이보리,0,N/A,111000,IN_STOCK,0,0.0,N/A,614.05,A (매우 빠름),https:/images/prd_img/20251104/5685438/detail_5685438_17635955710775_500.jpg,,False,2026-02-04 11:35:53
나이키,에어 조던 1 로우 W - 세일:오프 누아르:라이트 스모크 그레이:소프트 펄 / IH7323-100,IH7323-100,240,38,아이보리,0,N/A,111000,IN_STOCK,0,0.0,N/A,614.05,A (매우 빠름),https:/images/prd_img/20251104/5685438/detail_5685438_17635955710775_500.jpg,,False,2026-02-04 11:35:53
나이키,에어 조던 1 로우 W - 세일:오프 누아르:라이트 스모크 그레이:소프트 펄 / IH7323-100,IH7323-100,275,42.5,아이보리,0,N/A,149000,IN_STOCK,0,0.0,N/A,614.05,A (매우 빠름),https:/images/prd_img/20251104/5685438/detail_5685438_17635955710775_500.jpg,,False,2026-02-04 11:35:53
나이키,에어 조던 1 로우 W - 세일:오프 누아르:라이트 스모크 그레이:소프트 펄 / IH7323-100,IH7323-100,285,44,아이보리,0,N/A,130000,IN_STOCK,0,0.0,N/A,614.05,A (매우 빠름),https:/images/prd_img/20251104/5685438/detail_5685438_17635955710775_500.jpg,,False,2026-02-04 11:35:53
나이키,에어 조던 1 로우 W - 세일:오프 누아르:라이트 스모크 그레이:소프트 펄 / IH7323-100,IH7323-100,290,44.5,아이보리,0,N/A,142000,IN_STOCK,0,0.0,N/A,614.05,A (매우 빠름),https:/images/prd_img/20251104/5685438/detail_5685438_17635955710775_500.jpg,,False,2026-02-04 11:35:53
나이키,에어 조던 1 로우 W - 세일:오프 누아르:라이트 스모크 그레이:소프트 펄 / IH7323-100,IH7323-100,295,45,아이보리,0,N/A,0,OUT_OF_STOCK,0,0.0,N/A,614.05,A (매우 빠름),https:/images/prd_img/20251104/5685438/detail_5685438_17635955710775_500.jpg,,False,2026-02-04 11:35:53
나이키,에어 조던 1 로우 W - 세일:오프 누아르:라이트 스모크 그레이:소프트 펄 / IH7323-100,IH7323-100,300,45.5,아이보리,0,N/A,0,OUT_OF_STOCK,0,0.0,N/A,614.05,A (매우 빠름),https:/images/prd_img/20251104/5685438/detail_5685438_17635955710775_500.jpg,,False,2026-02-04 11:35:53
나이키,에어 조던 1 로우 W - 세일:오프 누아르:라이트 스모크 그레이:소프트 펄 / IH7323-100,IH7323-100,305,46,아이보리,0,N/A,0,OUT_OF_STOCK,0,0.0,N/A,614.05,A (매우 빠름),https:/images/prd_img/20251104/5685438/detail_5685438_17635955710775_500.jpg,,False,2026-02-04 11:35:53
나이키,에어 조던 1 로우 W - 세일:오프 누아르:라이트 스모크 그레이:소프트 펄 / IH7323-100,IH7323-100,310,47,아이보리,0,N/A,0,OUT_OF_STOCK,0,0.0,N/A,614.05,A (매우 빠름),https:/images/prd_img/20251104/5685438/detail_5685438_17635955710775_500.jpg,,False,2026-02-04 11:35:53
나이키,에어 조던 1 로우 W - 세일:오프 누아르:라이트 스모크 그레이:소프트 펄 / IH7323-100,IH7323-100,315,47.5,아이보리,0,N/A,0,OUT_OF_STOCK,0,0.0,N/A,614.05,A (매우 빠름),https:/images/prd_img/20251104/5685438/detail_5685438_17635955710775_500.jpg,,False,2026-02-04 11:35:53
나이키,에어 조던 1 로우 W - 세일:오프 누아르:라이트 스모크 그레이:소프트 펄 / IH7323-100,IH7323-100,225,36,ONE COLOR,126600,IN_STOCK,113000,IN_STOCK,-13600,-10.74,LOSS,614.05,A (매우 빠름),https:/images/prd_img/20251104/5685438/detail_5685438_17635955710775_500.jpg,https://www.musinsa.com/products/5685438,False,2026-02-04 11:35:53
나이키,에어 조던 1 로우 W - 세일:오프 누아르:라이트 스모크 그레이:소프트 펄 / IH7323-100,IH7323-100,245,38.5,ONE COLOR,126600,IN_STOCK,111000,IN_STOCK,-15600,-12.32,LOSS,614.05,A (매우 빠름),https:/images/prd_img/20251104/5685438/detail_5685438_17635955710775_500.jpg,https://www.musinsa.com/products/5685438,False,2026-02-04 11:35:53
나이키,에어 조던 1 로우 W - 세일:오프 누아르:라이트 스모크 그레이:소프트 펄 / IH7323-100,IH7323-100,250,39,ONE COLOR,126600,IN_STOCK,122000,IN_STOCK,-4600,-3.63,LOSS,614.05,A (매우 빠름),https:/images/prd_img/20251104/5685438/detail_5685438_17635955710775_500.jpg,https://www.musinsa.com/products/5685438,False,2026-02-04 11:35:53
나이키,에어 조던 1 로우 W - 세일:오프 누아르:라이트 스모크 그레이:소프트 펄 / IH7323-100,IH7323-100,255,40,ONE COLOR,126600,IN_STOCK,122000,IN_STOCK,-4600,-3.63,LOSS,614.05,A (매우 빠름),https:/images/prd_img/20251104/5685438/detail_5685438_17635955710775_500.jpg,https://www.musinsa.com/products/5685438,False,2026-02-04 11:35:53
나이키,에어 조던 1 로우 W - 세일:오프 누아르:라이트 스모크 그레이:소프트 펄 / IH7323-100,IH7323-100,260,40.5,ONE COLOR,126600,IN_STOCK,119000,IN_STOCK,-7600,-6.0,LOSS,614.05,A (매우 빠름),https:/images/prd_img/20251104/5685438/detail_5685438_17635955710775_500.jpg,https://www.musinsa.com/products/5685438,False,2026-02-04 11:35:53
나이키,에어 조던 1 로우 W - 세일:오프 누아르:라이트 스모크 그레이:소프트 펄 / IH7323-100,IH7323-100,265,41,ONE COLOR,126600,OUT_OF_STOCK,117000,IN_STOCK,0,0.0,N/A,614.05,A (매우 빠름),https:/images/prd_img/20251104/5685438/detail_5685438_17635955710775_500.jpg,https://www.musinsa.com/products/5685438,False,2026-02-04 11:35:53
나이키,에어 조던 1 로우 W - 세일:오프 누아르:라이트 스모크 그레이:소프트 펄 / IH7323-100,IH7323-100,270,42,ONE COLOR,126600,OUT_OF_STOCK,132000,IN_STOCK,0,0.0,N/A,614.05,A (매우 빠름),https:/images/prd_img/20251104/5685438/detail_5685438_17635955710775_500.jpg,https://www.musinsa.com/products/5685438,False,2026-02-04 11:35:53
나이키,에어 조던 1 로우 W - 세일:오프 누아르:라이트 스모크 그레이:소프트 펄 / IH7323-100,IH7323-100,280,43,ONE COLOR,126600,OUT_OF_STOCK,157000,IN_STOCK,0,0.0,N/A,614.05,A (매우 빠름),https:/images/prd_img/20251104/5685438/detail_5685438_17635955710775_500.jpg,https://www.musinsa.com/products/5685438,False,2026-02-04 11:35:53
나이키,에어 조던 1 로우 SE M - 옵시디언:유니버시티 골드:칠레 레드:옵시디언 / IO7448-400,IO7448-400,225,35.5,마린 블루,0,N/A,0,OUT_OF_STOCK,0,0.0,N/A,935.38,A (매우 빠름),https:/images/prd_img/20251201/5792031/detail_5792031_17648347069833_500.jpg,,False,2026-02-04 11:35:53
나이키,에어 조던 1 로우 SE M - 옵시디언:유니버시티 골드:칠레 레드:옵시디언 / IO7448-400,IO7448-400,230,36,마린 블루,0,N/A,0,OUT_OF_STOCK,0,0.0,N/A,935.38,A (매우 빠름),https:/images/prd_img/20251201/5792031/detail_5792031_17648347069833_500.jpg,,False,2026-02-04 11:35:53
나이키,에어 조던 1 로우 SE M - 옵시디언:유니버시티 골드:칠레 레드:옵시디언 / IO7448-400,IO7448-400,235,36.5,마린 블루,0,N/A,0,OUT_OF_STOCK,0,0.0,N/A,935.38,A (매우 빠름),https:/images/prd_img/20251201/5792031/detail_5792031_17648347069833_500.jpg,,False,2026-02-04 11:35:53
나이키,에어 조던 1 로우 SE M - 옵시디언:유니버시티 골드:칠레 레드:옵시디언 / IO7448-400,IO7448-400,240,37.5,마린 블루,0,N/A,0,OUT_OF_STOCK,0,0.0,N/A,935.38,A (매우 빠름),https:/images/prd_img/20251201/5792031/detail_5792031_17648347069833_500.jpg,,False,2026-02-04 11:35:53
나이키,에어 조던 1 로우 SE M - 옵시디언:유니버시티 골드:칠레 레드:옵시디언 / IO7448-400,IO7448-400,245,38.5,마린 블루,0,N/A,0,OUT_OF_STOCK,0,0.0,N/A,935.38,A (매우 빠름),https:/images/prd_img/20251201/5792031/detail_5792031_17648347069833_500.jpg,,False,2026-02-04 11:35:53
나이키,에어 조던 1 로우 SE M - 옵시디언:유니버시티 골드:칠레 레드:옵시디언 / IO7448-400,IO7448-400,305,47,마린 블루,0,N/A,0,OUT_OF_STOCK,0,0.0,N/A,935.38,A (매우 빠름),https:/images/prd_img/20251201/5792031/detail_5792031_17648347069833_500.jpg,,False,2026-02-04 11:35:53
나이키,에어 조던 1 로우 SE M - 옵시디언:유니버시티 골드:칠레 레드:옵시디언 / IO7448-400,IO7448-400,310,47.5,마린 블루,0,N/A,120000,IN_STOCK,0,0.0,N/A,935.38,A (매우 빠름),https:/images/prd_img/20251201/5792031/detail_5792031_17648347069833_500.jpg,,False,2026-02-04 11:35:53
나이키,에어 조던 1 로우 SE M - 옵시디언:유니버시티 골드:칠레 레드:옵시디언 / IO7448-400,IO7448-400,315,48,마린 블루,0,N/A,0,OUT_OF_STOCK,0,0.0,N/A,935.38,A (매우 빠름),https:/images/prd_img/20251201/5792031/detail_5792031_17648347069833_500.jpg,,False,2026-02-04 11:35:53
나이키,에어 조던 1 로우 SE M - 옵시디언:유니버시티 골드:칠레 레드:옵시디언 / IO7448-400,IO7448-400,320,48.5,마린 블루,0,N/A,143000,IN_STOCK,0,0.0,N/A,935.38,A (매우 빠름),https:/images/prd_img/20251201/5792031/detail_5792031_17648347069833_500.jpg,,False,2026-02-04 11:35:53
나이키,에어 조던 1 로우 SE M - 옵시디언:유니버시티 골드:칠레 레드:옵시디언 / IO7448-400,IO7448-400,330,49.5,마린 블루,0,N/A,0,OUT_OF_STOCK,0,0.0,N/A,935.38,A (매우 빠름),https:/images/prd_img/20251201/5792031/detail_5792031_17648347069833_500.jpg,,False,2026-02-04 11:35:53
나이키,에어 조던 1 로우 SE M - 옵시디언:유니버시티 골드:칠레 레드:옵시디언 / IO7448-400,IO7448-400,340,50.5,마린 블루,0,N/A,0,OUT_OF_STOCK,0,0.0,N/A,935.38,A (매우 빠름),https:/images/prd_img/20251201/5792031/detail_5792031_17648347069833_500.jpg,,False,2026-02-04 11:35:53
나이키,에어 조던 1 로우 SE M - 옵시디언:유니버시티 골드:칠레 레드:옵시디언 / IO7448-400,IO7448-400,350,51.5,마린 블루,0,N/A,0,OUT_OF_STOCK,0,0.0,N/A,935.38,A (매우 빠름),https:/images/prd_img/20251201/5792031/detail_5792031_17648347069833_500.jpg,,False,2026-02-04 11:35:53
나이키,에어 조던 1 로우 SE M - 옵시디언:유니버시티 골드:칠레 레드:옵시디언 / IO7448-400,IO7448-400,250,40,ONE COLOR,159000,IN_STOCK,129000,IN_STOCK,-30000,-18.87,LOSS,935.38,A (매우 빠름),https:/images/prd_img/20251201/5792031/detail_5792031_17648347069833_500.jpg,https://www.musinsa.com/products/5792031,False,2026-02-04 11:35:53
나이키,에어 조던 1 로우 SE M - 옵시디언:유니버시티 골드:칠레 레드:옵시디언 / IO7448-400,IO7448-400,255,40.5,ONE COLOR,159000,IN_STOCK,120000,IN_STOCK,-39000,-24.53,LOSS,935.38,A (매우 빠름),https:/images/prd_img/20251201/5792031/detail_5792031_17648347069833_500.jpg,https://www.musinsa.com/products/5792031,False,2026-02-04 11:35:53
나이키,에어 조던 1 로우 SE M - 옵시디언:유니버시티 골드:칠레 레드:옵시디언 / IO7448-400,IO7448-400,260,41,ONE COLOR,159000,IN_STOCK,117000,IN_STOCK,-42000,-26.42,LOSS,935.38,A (매우 빠름),https:/images/prd_img/20251201/5792031/detail_5792031_17648347069833_500.jpg,https://www.musinsa.com/products/5792031,False,2026-02-04 11:35:53
나이키,에어 조던 1 로우 SE M - 옵시디언:유니버시티 골드:칠레 레드:옵시디언 / IO7448-400,IO7448-400,265,42,ONE COLOR,159000,IN_STOCK,117000,IN_STOCK,-42000,-26.42,LOSS,935.38,A (매우 빠름),https:/images/prd_img/20251201/5792031/detail_5792031_17648347069833_500.jpg,https://www.musinsa.com/products/5792031,False,2026-02-04 11:35:53
나이키,에어 조던 1 로우 SE M - 옵시디언:유니버시티 골드:칠레 레드:옵시디언 / IO7448-400,IO7448-400,270,42.5,ONE COLOR,159000,IN_STOCK,115000,IN_STOCK,-44000,-27.67,LOSS,935.38,A (매우 빠름),https:/images/prd_img/20251201/5792031/detail_5792031_17648347069833_500.jpg,https://www.musinsa.com/products/5792031,False,2026-02-04 11:35:53
나이키,에어 조던 1 로우 SE M - 옵시디언:유니버시티 골드:칠레 레드:옵시디언 / IO7448-400,IO7448-400,275,43,ONE COLOR,159000,IN_STOCK,117000,IN_STOCK,-42000,-26.42,LOSS,935.38,A (매우 빠름),https:/images/prd_img/20251201/5792031/detail_5792031_17648347069833_500.jpg,https://www.musinsa.com/products/5792031,False,2026-02-04 11:35:53
나이키,에어 조던 1 로우 SE M - 옵시디언:유니버시티 골드:칠레 레드:옵시디언 / IO7448-400,IO7448-400,280,44,ONE COLOR,159000,IN_STOCK,111000,IN_STOCK,-48000,-30.19,LOSS,935.38,A (매우 빠름),https:/images/prd_img/20251201/5792031/detail_5792031_17648347069833_500.jpg,https://www.musinsa.com/products/5792031,False,2026-02-04 11:35:53
나이키,에어 조던 1 로우 SE M - 옵시디언:유니버시티 골드:칠레 레드:옵시디언 / IO7448-400,IO7448-400,285,44.5,ONE COLOR,159000,IN_STOCK,109000,IN_STOCK,-50000,-31.45,LOSS,935.38,A (매우 빠름),https:/images/prd_img/20251201/5792031/detail_5792031_17648347069833_500.jpg,https://www.musinsa.com/products/5792031,False,2026-02-04 11:35:53
나이키,에어 조던 1 로우 SE M - 옵시디언:유니버시티 골드:칠레 레드:옵시디언 / IO7448-400,IO7448-400,290,45,ONE COLOR,159000,IN_STOCK,114000,IN_STOCK,-45000,-28.3,LOSS,935.38,A (매우 빠름),https:/images/prd_img/20251201/5792031/detail_5792031_17648347069833_500.jpg,https://www.musinsa.com/products/5792031,False,2026-02-04 11:35:53
나이키,에어 조던 1 로우 SE M - 옵시디언:유니버시티 골드:칠레 레드:옵시디언 / IO7448-400,IO7448-400,295,45.5,ONE COLOR,159000,IN_STOCK,124000,IN_STOCK,-35000,-22.01,LOSS,935.38,A (매우 빠름),https:/images/prd_img/20251201/5792031/detail_5792031_17648347069833_500.jpg,https://www.musinsa.com/products/5792031,False,2026-02-04 11:35:53
나이키,에어 조던 1 로우 SE M - 옵시디언:유니버시티 골드:칠레 레드:옵시디언 / IO7448-400,IO7448-400,300,46,ONE COLOR,159000,IN_STOCK,120000,IN_STOCK,-39000,-24.53,LOSS,935.38,A (매우 빠름),https:/images/prd_img/20251201/5792031/detail_5792031_17648347069833_500.jpg,https://www.musinsa.com/products/5792031,False,2026-02-04 11:35:53
나이키,샥스 Z W - 블랙 / HQ7540-003,HQ7540-003,49.5,49.5,블랙,0,N/A,0,OUT_OF_STOCK,0,0.0,N/A,33.07,C (보통),https:/images/prd_img/20251202/5797223/detail_5797223_17648342718374_500.jpg,,False,2026-02-04 11:35:53
나이키,샥스 Z W - 블랙 / HQ7540-003,HQ7540-003,295,45,블랙,0,N/A,252000,IN_STOCK,0,0.0,N/A,33.07,C (보통),https:/images/prd_img/20251202/5797223/detail_5797223_17648342718374_500.jpg,,False,2026-02-04 11:35:53
나이키,샥스 Z W - 블랙 / HQ7540-003,HQ7540-003,300,45.5,블랙,0,N/A,0,OUT_OF_STOCK,0,0.0,N/A,33.07,C (보통),https:/images/prd_img/20251202/5797223/detail_5797223_17648342718374_500.jpg,,False,2026-02-04 11:35:53
나이키,샥스 Z W - 블랙 / HQ7540-003,HQ7540-003,305,46,블랙,0,N/A,0,OUT_OF_STOCK,0,0.0,N/A,33.07,C (보통),https:/images/prd_img/20251202/5797223/detail_5797223_17648342718374_500.jpg,,False,2026-02-04 11:35:53
나이키,샥스 Z W - 블랙 / HQ7540-003,HQ7540-003,310,47,블랙,0,N/A,0,OUT_OF_STOCK,0,0.0,N/A,33.07,C (보통),https:/images/prd_img/20251202/5797223/detail_5797223_17648342718374_500.jpg,,False,2026-02-04 11:35:53
나이키,샥스 Z W - 블랙 / HQ7540-003,HQ7540-003,315,47.5,블랙,0,N/A,0,OUT_OF_STOCK,0,0.0,N/A,33.07,C (보통),https:/images/prd_img/20251202/5797223/detail_5797223_17648342718374_500.jpg,,False,2026-02-04 11:35:53
나이키,샥스 Z W - 블랙 / HQ7540-003,HQ7540-003,320,48,블랙,0,N/A,0,OUT_OF_STOCK,0,0.0,N/A,33.07,C (보통),https:/images/prd_img/20251202/5797223/detail_5797223_17648342718374_500.jpg,,False,2026-02-04 11:35:53
나이키,샥스 Z W - 블랙 / HQ7540-003,HQ7540-003,325,48.5,블랙,0,N/A,0,OUT_OF_STOCK,0,0.0,N/A,33.07,C (보통),https:/images/prd_img/20251202/5797223/detail_5797223_17648342718374_500.jpg,,False,2026-02-04 11:35:53
나이키,샥스 Z W - 블랙 / HQ7540-003,HQ7540-003,340,50.5,블랙,0,N/A,0,OUT_OF_STOCK,0,0.0,N/A,33.07,C (보통),https:/images/prd_img/20251202/5797223/detail_5797223_17648342718374_500.jpg,,False,2026-02-04 11:35:53
나이키,샥스 Z W - 블랙 / HQ7540-003,HQ7540-003,350,51.5,블랙,0,N/A,0,OUT_OF_STOCK,0,0.0,N/A,33.07,C (보통),https:/images/prd_img/20251202/5797223/detail_5797223_17648342718374_500.jpg,,False,2026-02-04 11:35:53
나이키,샥스 Z W - 블랙 / HQ7540-003,HQ7540-003,220,35.5,ONE COLOR,159000,IN_STOCK,140000,IN_STOCK,-19000,-11.95,LOSS,33.07,C (보통),https:/images/prd_img/20251202/5797223/detail_5797223_17648342718374_500.jpg,https://www.musinsa.com/products/5797223,False,2026-02-04 11:35:53
나이키,샥스 Z W - 블랙 / HQ7540-003,HQ7540-003,225,36,ONE COLOR,159000,IN_STOCK,144000,IN_STOCK,-15000,-9.43,LOSS,33.07,C (보통),https:/images/prd_img/20251202/5797223/detail_5797223_17648342718374_500.jpg,https://www.musinsa.com/products/5797223,False,2026-02-04 11:35:53
나이키,샥스 Z W - 블랙 / HQ7540-003,HQ7540-003,230,36.5,ONE COLOR,159000,IN_STOCK,138000,IN_STOCK,-21000,-13.21,LOSS,33.07,C (보통),https:/images/prd_img/20251202/5797223/detail_5797223_17648342718374_500.jpg,https://www.musinsa.com/products/5797223,False,2026-02-04 11:35:53
나이키,샥스 Z W - 블랙 / HQ7540-003,HQ7540-003,235,37.5,ONE COLOR,159000,IN_STOCK,140000,IN_STOCK,-19000,-11.95,LOSS,33.07,C (보통),https:/images/prd_img/20251202/5797223/detail_5797223_17648342718374_500.jpg,https://www.musinsa.com/products/5797223,False,2026-02-04 11:35:53
나이키,샥스 Z W - 블랙 / HQ7540-003,HQ7540-003,240,38,ONE COLOR,159000,IN_STOCK,142000,IN_STOCK,-17000,-10.69,LOSS,33.07,C (보통),https:/images/prd_img/20251202/5797223/detail_5797223_17648342718374_500.jpg,https://www.musinsa.com/products/5797223,False,2026-02-04 11:35:53
나이키,샥스 Z W - 블랙 / HQ7540-003,HQ7540-003,245,38.5,ONE COLOR,159000,IN_STOCK,144000,IN_STOCK,-15000,-9.43,LOSS,33.07,C (보통),https:/images/prd_img/20251202/5797223/detail_5797223_17648342718374_500.jpg,https://www.musinsa.com/products/5797223,False,2026-02-04 11:35:53
나이키,샥스 Z W - 블랙 / HQ7540-003,HQ7540-003,250,39,ONE COLOR,159000,IN_STOCK,142000,IN_STOCK,-17000,-10.69,LOSS,33.07,C (보통),https:/images/prd_img/20251202/5797223/detail_5797223_17648342718374_500.jpg,https://www.musinsa.com/products/5797223,False,2026-02-04 11:35:53
나이키,샥스 Z W - 블랙 / HQ7540-003,HQ7540-003,255,40,ONE COLOR,159000,IN_STOCK,146000,IN_STOCK,-13000,-8.18,LOSS,33.07,C (보통),https:/images/prd_img/20251202/5797223/detail_5797223_17648342718374_500.jpg,https://www.musinsa.com/products/5797223,False,2026-02-04 11:35:53
나이키,샥스 Z W - 블랙 / HQ7540-003,HQ7540-003,260,40.5,ONE COLOR,159000,IN_STOCK,144000,IN_STOCK,-15000,-9.43,LOSS,33.07,C (보통),https:/images/prd_img/20251202/5797223/detail_5797223_17648342718374_500.jpg,https://www.musinsa.com/products/5797223,False,2026-02-04 11:35:53
나이키,샥스 Z W - 블랙 / HQ7540-003,HQ7540-003,265,41,ONE COLOR,159000,OUT_OF_STOCK,190000,IN_STOCK,0,0.0,N/A,33.07,C (보통),https:/images/prd_img/20251202/5797223/detail_5797223_17648342718374_500.jpg,https://www.musinsa.com/products/5797223,False,2026-02-04 11:35:53
나이키,샥스 Z W - 블랙 / HQ7540-003,HQ7540-003,270,42,ONE COLOR,159000,OUT_OF_STOCK,190000,IN_STOCK,0,0.0,N/A,33.07,C (보통),https:/images/prd_img/20251202/5797223/detail_5797223_17648342718374_500.jpg,https://www.musinsa.com/products/5797223,False,2026-02-04 11:35:53
나이키,샥스 Z W - 블랙 / HQ7540-003,HQ7540-003,275,42.5,ONE COLOR,159000,OUT_OF_STOCK,173000,IN_STOCK,0,0.0,N/A,33.07,C (보통),https:/images/prd_img/20251202/5797223/detail_5797223_17648342718374_500.jpg,https://www.musinsa.com/products/5797223,False,2026-02-04 11:35:53
나이키,샥스 Z W - 블랙 / HQ7540-003,HQ7540-003,280,43,ONE COLOR,159000,OUT_OF_STOCK,178000,IN_STOCK,0,0.0,N/A,33.07,C (보통),https:/images/prd_img/20251202/5797223/detail_5797223_17648342718374_500.jpg,https://www.musinsa.com/products/5797223,False,2026-02-04 11:35:53
나이키,샥스 Z W - 블랙 / HQ7540-003,HQ7540-003,285,44,ONE COLOR,159000,OUT_OF_STOCK,184000,IN_STOCK,0,0.0,N/A,33.07,C (보통),https:/images/prd_img/20251202/5797223/detail_5797223_17648342718374_500.jpg,https://www.musinsa.com/products/5797223,False,2026-02-04 11:35:53
나이키,샥스 Z W - 블랙 / HQ7540-003,HQ7540-003,290,44.5,ONE COLOR,159000,OUT_OF_STOCK,182000,IN_STOCK,0,0.0,N/A,33.07,C (보통),https:/images/prd_img/20251202/5797223/detail_5797223_17648342718374_500.jpg,https://www.musinsa.com/products/5797223,False,2026-02-04 11:35:53
아디다스,플레더 3S 트랙탑 - 아우라커피 / KQ5473,KQ5473,2,2XS,오로라 브라운,0,N/A,207000,IN_STOCK,0,0.0,N/A,303.16,B (양호),https:/images/prd_img/20260107/5874491/detail_5874491_17678506824013_500.jpg,,False,2026-02-04 11:35:53
아디다스,플레더 3S 트랙탑 - 아우라커피 / KQ5473,KQ5473,85,XS,ONE COLOR,152100,IN_STOCK,130000,IN_STOCK,-22100,-14.53,LOSS,303.16,B (양호),https:/images/prd_img/20260107/5874491/detail_5874491_17678506824013_500.jpg,https://www.musinsa.com/products/5874491,False,2026-02-04 11:35:53
아디다스,플레더 3S 트랙탑 - 아우라커피 / KQ5473,KQ5473,90,S,ONE COLOR,152100,IN_STOCK,134000,IN_STOCK,-18100,-11.9,LOSS,303.16,B (양호),https:/images/prd_img/20260107/5874491/detail_5874491_17678506824013_500.jpg,https://www.musinsa.com/products/5874491,False,2026-02-04 11:35:53
아디다스,플레더 3S 트랙탑 - 아우라커피 / KQ5473,KQ5473,95,M,ONE COLOR,152100,IN_STOCK,130000,IN_STOCK,-22100,-14.53,LOSS,303.16,B (양호),https:/images/prd_img/20260107/5874491/detail_5874491_17678506824013_500.jpg,https://www.musinsa.com/products/5874491,False,2026-02-04 11:35:53
아디다스,플레더 3S 트랙탑 - 아우라커피 / KQ5473,KQ5473,100,L,ONE COLOR,152100,IN_STOCK,134000,IN_STOCK,-18100,-11.9,LOSS,303.16,B (양호),https:/images/prd_img/20260107/5874491/detail_5874491_17678506824013_500.jpg,https://www.musinsa.com/products/5874491,False,2026-02-04 11:35:53
아디다스,플레더 3S 트랙탑 - 아우라커피 / KQ5473,KQ5473,105,XL,ONE COLOR,152100,IN_STOCK,130000,IN_STOCK,-22100,-14.53,LOSS,303.16,B (양호),https:/images/prd_img/20260107/5874491/detail_5874491_17678506824013_500.jpg,https://www.musinsa.com/products/5874491,False,2026-02-04 11:35:53
아디다스,플레더 3S 트랙탑 - 아우라커피 / KQ5473,KQ5473,110,2XL,ONE COLOR,152100,OUT_OF_STOCK,130000,IN_STOCK,0,0.0,N/A,303.16,B (양호),https:/images/prd_img/20260107/5874491/detail_5874491_17678506824013_500.jpg,https://www.musinsa.com/products/5874491,False,2026-02-04 11:35:53
아디다스,플레더 3S 트랙탑 - 아우라커피 / KQ5473,KQ5473,115,3XL,ONE COLOR,152100,OUT_OF_STOCK,144000,IN_STOCK,0,0.0,N/A,303.16,B (양호),https:/images/prd_img/20260107/5874491/detail_5874491_17678506824013_500.jpg,https://www.musinsa.com/products/5874491,False,2026-02-04 11:35:53
노스페이스,NJ3NS03K 화이트라벨 웨이브 LT 온 자켓 LIGHT BLUE,NJ3NS03K,85,XS,LIGHT BLUE,207100,IN_STOCK,0,OUT_OF_STOCK,0,0.0,N/A,0.0,F (정체),https:/images/prd_img/20260204/5977675/detail_5977675_17701666298558_500.jpg,https://www.musinsa.com/products/5977675,False,2026-02-04 11:35:53
노스페이스,NJ3NS03K 화이트라벨 웨이브 LT 온 자켓 LIGHT BLUE,NJ3NS03K,90,S,LIGHT BLUE,207100,OUT_OF_STOCK,321000,IN_STOCK,0,0.0,N/A,0.0,F (정체),https:/images/prd_img/20260204/5977675/detail_5977675_17701666298558_500.jpg,https://www.musinsa.com/products/5977675,False,2026-02-04 11:35:53
노스페이스,NJ3NS03K 화이트라벨 웨이브 LT 온 자켓 LIGHT BLUE,NJ3NS03K,95,M,LIGHT BLUE,207100,OUT_OF_STOCK,0,OUT_OF_STOCK,0,0.0,N/A,0.0,F (정체),https:/images/prd_img/20260204/5977675/detail_5977675_17701666298558_500.jpg,https://www.musinsa.com/products/5977675,False,2026-02-04 11:35:53
노스페이스,NJ3NS03K 화이트라벨 웨이브 LT 온 자켓 LIGHT BLUE,NJ3NS03K,100,L,LIGHT BLUE,207100,IN_STOCK,0,OUT_OF_STOCK,0,0.0,N/A,0.0,F (정체),https:/images/prd_img/20260204/5977675/detail_5977675_17701666298558_500.jpg,https://www.musinsa.com/products/5977675,False,2026-02-04 11:35:53
노스페이스,NJ3NS03K 화이트라벨 웨이브 LT 온 자켓 LIGHT BLUE,NJ3NS03K,105,XL,LIGHT BLUE,207100,IN_STOCK,0,OUT_OF_STOCK,0,0.0,N/A,0.0,F (정체),https:/images/prd_img/20260204/5977675/detail_5977675_17701666298558_500.jpg,https://www.musinsa.com/products/5977675,False,2026-02-04 11:35:53
노스페이스,NJ3NS03K 화이트라벨 웨이브 LT 온 자켓 LIGHT BLUE,NJ3NS03K,110,XXL,LIGHT BLUE,207100,IN_STOCK,0,OUT_OF_STOCK,0,0.0,N/A,0.0,F (정체),https:/images/prd_img/20260204/5977675/detail_5977675_17701666298558_500.jpg,https://www.musinsa.com/products/5977675,False,2026-02-04 11:35:53
나이키,에어 조던 1 레트로 로우 M - 미디엄 올리브:서밋 화이트:세일:블랙 / HQ6998-200,HQ6998-200,225,35.5,올리브 그린,0,N/A,180000,IN_STOCK,0,0.0,N/A,636.62,A (매우 빠름),https:/images/prd_img/20260106/5870697/detail_5870697_17690717407551_500.jpg,,True,2026-02-04 11:35:53
나이키,에어 조던 1 레트로 로우 M - 미디엄 올리브:서밋 화이트:세일:블랙 / HQ6998-200,HQ6998-200,230,36,올리브 그린,0,N/A,200000,IN_STOCK,0,0.0,N/A,636.62,A (매우 빠름),https:/images/prd_img/20260106/5870697/detail_5870697_17690717407551_500.jpg,,True,2026-02-04 11:35:53
나이키,에어 조던 1 레트로 로우 M - 미디엄 올리브:서밋 화이트:세일:블랙 / HQ6998-200,HQ6998-200,235,36.5,올리브 그린,0,N/A,211000,IN_STOCK,0,0.0,N/A,636.62,A (매우 빠름),https:/images/prd_img/20260106/5870697/detail_5870697_17690717407551_500.jpg,,True,2026-02-04 11:35:53
나이키,에어 조던 1 레트로 로우 M - 미디엄 올리브:서밋 화이트:세일:블랙 / HQ6998-200,HQ6998-200,305,47,올리브 그린,0,N/A,184000,IN_STOCK,0,0.0,N/A,636.62,A (매우 빠름),https:/images/prd_img/20260106/5870697/detail_5870697_17690717407551_500.jpg,,True,2026-02-04 11:35:53
나이키,에어 조던 1 레트로 로우 M - 미디엄 올리브:서밋 화이트:세일:블랙 / HQ6998-200,HQ6998-200,310,47.5,올리브 그린,0,N/A,182000,IN_STOCK,0,0.0,N/A,636.62,A (매우 빠름),https:/images/prd_img/20260106/5870697/detail_5870697_17690717407551_500.jpg,,True,2026-02-04 11:35:53
나이키,에어 조던 1 레트로 로우 M - 미디엄 올리브:서밋 화이트:세일:블랙 / HQ6998-200,HQ6998-200,315,48,올리브 그린,0,N/A,0,OUT_OF_STOCK,0,0.0,N/A,636.62,A (매우 빠름),https:/images/prd_img/20260106/5870697/detail_5870697_17690717407551_500.jpg,,True,2026-02-04 11:35:53
나이키,에어 조던 1 레트로 로우 M - 미디엄 올리브:서밋 화이트:세일:블랙 / HQ6998-200,HQ6998-200,320,48.5,올리브 그린,0,N/A,188000,IN_STOCK,0,0.0,N/A,636.62,A (매우 빠름),https:/images/prd_img/20260106/5870697/detail_5870697_17690717407551_500.jpg,,True,2026-02-04 11:35:53
나이키,에어 조던 1 레트로 로우 M - 미디엄 올리브:서밋 화이트:세일:블랙 / HQ6998-200,HQ6998-200,240,37.5,ONE COLOR,179000,OUT_OF_STOCK,196000,IN_STOCK,0,0.0,N/A,636.62,A (매우 빠름),https:/images/prd_img/20260106/5870697/detail_5870697_17690717407551_500.jpg,https://www.musinsa.com/products/5870697,True,2026-02-04 11:35:53
나이키,에어 조던 1 레트로 로우 M - 미디엄 올리브:서밋 화이트:세일:블랙 / HQ6998-200,HQ6998-200,245,38.5,ONE COLOR,179000,OUT_OF_STOCK,190000,IN_STOCK,0,0.0,N/A,636.62,A (매우 빠름),https:/images/prd_img/20260106/5870697/detail_5870697_17690717407551_500.jpg,https://www.musinsa.com/products/5870697,True,2026-02-04 11:35:53
나이키,에어 조던 1 레트로 로우 M - 미디엄 올리브:서밋 화이트:세일:블랙 / HQ6998-200,HQ6998-200,250,40,ONE COLOR,179000,OUT_OF_STOCK,180000,IN_STOCK,0,0.0,N/A,636.62,A (매우 빠름),https:/images/prd_img/20260106/5870697/detail_5870697_17690717407551_500.jpg,https://www.musinsa.com/products/5870697,True,2026-02-04 11:35:53
나이키,에어 조던 1 레트로 로우 M - 미디엄 올리브:서밋 화이트:세일:블랙 / HQ6998-200,HQ6998-200,255,40.5,ONE COLOR,179000,OUT_OF_STOCK,173000,IN_STOCK,0,0.0,N/A,636.62,A (매우 빠름),https:/images/prd_img/20260106/5870697/detail_5870697_17690717407551_500.jpg,https://www.musinsa.com/products/5870697,True,2026-02-04 11:35:53
나이키,에어 조던 1 레트로 로우 M - 미디엄 올리브:서밋 화이트:세일:블랙 / HQ6998-200,HQ6998-200,260,41,ONE COLOR,179000,OUT_OF_STOCK,173000,IN_STOCK,0,0.0,N/A,636.62,A (매우 빠름),https:/images/prd_img/20260106/5870697/detail_5870697_17690717407551_500.jpg,https://www.musinsa.com/products/5870697,True,2026-02-04 11:35:53
나이키,에어 조던 1 레트로 로우 M - 미디엄 올리브:서밋 화이트:세일:블랙 / HQ6998-200,HQ6998-200,265,42,ONE COLOR,179000,OUT_OF_STOCK,178000,IN_STOCK,0,0.0,N/A,636.62,A (매우 빠름),https:/images/prd_img/20260106/5870697/detail_5870697_17690717407551_500.jpg,https://www.musinsa.com/products/5870697,True,2026-02-04 11:35:53
나이키,에어 조던 1 레트로 로우 M - 미디엄 올리브:서밋 화이트:세일:블랙 / HQ6998-200,HQ6998-200,270,42.5,ONE COLOR,179000,OUT_OF_STOCK,178000,IN_STOCK,0,0.0,N/A,636.62,A (매우 빠름),https:/images/prd_img/20260106/5870697/detail_5870697_17690717407551_500.jpg,https://www.musinsa.com/products/5870697,True,2026-02-04 11:35:53
나이키,에어 조던 1 레트로 로우 M - 미디엄 올리브:서밋 화이트:세일:블랙 / HQ6998-200,HQ6998-200,275,43,ONE COLOR,179000,OUT_OF_STOCK,178000,IN_STOCK,0,0.0,N/A,636.62,A (매우 빠름),https:/images/prd_img/20260106/5870697/detail_5870697_17690717407551_500.jpg,https://www.musinsa.com/products/5870697,True,2026-02-04 11:35:53
나이키,에어 조던 1 레트로 로우 M - 미디엄 올리브:서밋 화이트:세일:블랙 / HQ6998-200,HQ6998-200,280,44,ONE COLOR,179000,IN_STOCK,167000,IN_STOCK,-12000,-6.7,LOSS,636.62,A (매우 빠름),https:/images/prd_img/20260106/5870697/detail_5870697_17690717407551_500.jpg,https://www.musinsa.com/products/5870697,True,2026-02-04 11:35:53
나이키,에어 조던 1 레트로 로우 M - 미디엄 올리브:서밋 화이트:세일:블랙 / HQ6998-200,HQ6998-200,285,44.5,ONE COLOR,179000,IN_STOCK,171000,IN_STOCK,-8000,-4.47,LOSS,636.62,A (매우 빠름),https:/images/prd_img/20260106/5870697/detail_5870697_17690717407551_500.jpg,https://www.musinsa.com/products/5870697,True,2026-02-04 11:35:53
나이키,에어 조던 1 레트로 로우 M - 미디엄 올리브:서밋 화이트:세일:블랙 / HQ6998-200,HQ6998-200,290,45,ONE COLOR,179000,OUT_OF_STOCK,175000,IN_STOCK,0,0.0,N/A,636.62,A (매우 빠름),https:/images/prd_img/20260106/5870697/detail_5870697_17690717407551_500.jpg,https://www.musinsa.com/products/5870697,True,2026-02-04 11:35:53
나이키,에어 조던 1 레트로 로우 M - 미디엄 올리브:서밋 화이트:세일:블랙 / HQ6998-200,HQ6998-200,295,45.5,ONE COLOR,179000,OUT_OF_STOCK,172000,IN_STOCK,0,0.0,N/A,636.62,A (매우 빠름),https:/images/prd_img/20260106/5870697/detail_5870697_17690717407551_500.jpg,https://www.musinsa.com/products/5870697,True,2026-02-04 11:35:53
나이키,에어 조던 1 레트로 로우 M - 미디엄 올리브:서밋 화이트:세일:블랙 / HQ6998-200,HQ6998-200,300,46,ONE COLOR,179000,IN_STOCK,182000,IN_STOCK,3000,1.68,PROFIT,636.62,A (매우 빠름),https:/images/prd_img/20260106/5870697/detail_5870697_17690717407551_500.jpg,https://www.musinsa.com/products/5870697,True,2026-02-04 11:35:53
나이키,ACG 라바 플로우 써마 핏 ADV 재킷 M - 세이프티 오렌지:서밋 화이트 / HJ3736-819,HJ3736-819,2,2XL,세이프 오렌지/세이프 오렌지/세이프 오렌지/마운틴 화이트,0,N/A,215000,IN_STOCK,0,0.0,N/A,58.25,C (보통),https:/images/prd_img/20250909/5424747/detail_5424747_17575758194913_500.jpg,,True,2026-02-04 11:35:53
나이키,ACG 라바 플로우 써마 핏 ADV 재킷 M - 세이프티 오렌지:서밋 화이트 / HJ3736-819,HJ3736-819,3,3XL,세이프 오렌지/세이프 오렌지/세이프 오렌지/마운틴 화이트,0,N/A,0,OUT_OF_STOCK,0,0.0,N/A,58.25,C (보통),https:/images/prd_img/20250909/5424747/detail_5424747_17575758194913_500.jpg,,True,2026-02-04 11:35:53
나이키,ACG 라바 플로우 써마 핏 ADV 재킷 M - 세이프티 오렌지:서밋 화이트 / HJ3736-819,HJ3736-819,90,S,ONE COLOR,207270,OUT_OF_STOCK,252000,IN_STOCK,0,0.0,N/A,58.25,C (보통),https:/images/prd_img/20250909/5424747/detail_5424747_17575758194913_500.jpg,https://www.musinsa.com/products/5424747,True,2026-02-04 11:35:53
나이키,ACG 라바 플로우 써마 핏 ADV 재킷 M - 세이프티 오렌지:서밋 화이트 / HJ3736-819,HJ3736-819,95,M,ONE COLOR,207270,OUT_OF_STOCK,205000,IN_STOCK,0,0.0,N/A,58.25,C (보통),https:/images/prd_img/20250909/5424747/detail_5424747_17575758194913_500.jpg,https://www.musinsa.com/products/5424747,True,2026-02-04 11:35:53
나이키,ACG 라바 플로우 써마 핏 ADV 재킷 M - 세이프티 오렌지:서밋 화이트 / HJ3736-819,HJ3736-819,100,L,ONE COLOR,207270,IN_STOCK,215000,IN_STOCK,7730,3.73,PROFIT,58.25,C (보통),https:/images/prd_img/20250909/5424747/detail_5424747_17575758194913_500.jpg,https://www.musinsa.com/products/5424747,True,2026-02-04 11:35:53
나이키,ACG 라바 플로우 써마 핏 ADV 재킷 M - 세이프티 오렌지:서밋 화이트 / HJ3736-819,HJ3736-819,105,XL,ONE COLOR,207270,IN_STOCK,213000,IN_STOCK,5730,2.76,PROFIT,58.25,C (보통),https:/images/prd_img/20250909/5424747/detail_5424747_17575758194913_500.jpg,https://www.musinsa.com/products/5424747,True,2026-02-04 11:35:53
나이키,ACG 라바 플로우 써마 핏 ADV 재킷 M - 세이프티 오렌지:서밋 화이트 / HJ3736-819,HJ3736-819,110,-,ONE COLOR,207270,IN_STOCK,0,N/A,0,0.0,N/A,58.25,C (보통),https:/images/prd_img/20250909/5424747/detail_5424747_17575758194913_500.jpg,https://www.musinsa.com/products/5424747,True,2026-02-04 11:35:53
데상트,스포츠테리 워딩 로고 맨투맨 아이보리 SR123UHT11,SR123UHT11_IVY0,85,85,BLK0_BLACK,103550,IN_STOCK,0,OUT_OF_STOCK,0,0.0,N/A,386.35,B (양호),https:/images/prd_img/20251230/5860842/detail_5860842_17681817353014_500.jpg,https://www.musinsa.com/products/5860842,False,2026-02-04 11:35:53
데상트,스포츠테리 워딩 로고 맨투맨 아이보리 SR123UHT11,SR123UHT11_IVY0,90,90,BLK0_BLACK,103550,IN_STOCK,97000,IN_STOCK,-6550,-6.33,LOSS,386.35,B (양호),https:/images/prd_img/20251230/5860842/detail_5860842_17681817353014_500.jpg,https://www.musinsa.com/products/5860842,False,2026-02-04 11:35:53
데상트,스포츠테리 워딩 로고 맨투맨 아이보리 SR123UHT11,SR123UHT11_IVY0,95,95,BLK0_BLACK,103550,IN_STOCK,99000,IN_STOCK,-4550,-4.39,LOSS,386.35,B (양호),https:/images/prd_img/20251230/5860842/detail_5860842_17681817353014_500.jpg,https://www.musinsa.com/products/5860842,False,2026-02-04 11:35:53
데상트,스포츠테리 워딩 로고 맨투맨 아이보리 SR123UHT11,SR123UHT11_IVY0,100,100,BLK0_BLACK,103550,IN_STOCK,97000,IN_STOCK,-6550,-6.33,LOSS,386.35,B (양호),https:/images/prd_img/20251230/5860842/detail_5860842_17681817353014_500.jpg,https://www.musinsa.com/products/5860842,False,2026-02-04 11:35:53
데상트,스포츠테리 워딩 로고 맨투맨 아이보리 SR123UHT11,SR123UHT11_IVY0,105,105,BLK0_BLACK,103550,IN_STOCK,97000,IN_STOCK,-6550,-6.33,LOSS,386.35,B (양호),https:/images/prd_img/20251230/5860842/detail_5860842_17681817353014_500.jpg,https://www.musinsa.com/products/5860842,False,2026-02-04 11:35:53
데상트,스포츠테리 워딩 로고 맨투맨 아이보리 SR123UHT11,SR123UHT11_IVY0,110,110,BLK0_BLACK,103550,OUT_OF_STOCK,0,OUT_OF_STOCK,0,0.0,N/A,386.35,B (양호),https:/images/prd_img/20251230/5860842/detail_5860842_17681817353014_500.jpg,https://www.musinsa.com/products/5860842,False,2026-02-04 11:35:53
데상트,스포츠테리 워딩 로고 맨투맨 아이보리 SR123UHT11,SR123UHT11_IVY0,115,115,BLK0_BLACK,103550,OUT_OF_STOCK,0,OUT_OF_STOCK,0,0.0,N/A,386.35,B (양호),https:/images/prd_img/20251230/5860842/detail_5860842_17681817353014_500.jpg,https://www.musinsa.com/products/5860842,False,2026-02-04 11:35:53
데상트,스포츠테리 워딩 로고 맨투맨 아이보리 SR123UHT11,SR123UHT11_IVY0,120,120,BLK0_BLACK,103550,OUT_OF_STOCK,0,OUT_OF_STOCK,0,0.0,N/A,386.35,B (양호),https:/images/prd_img/20251230/5860842/detail_5860842_17681817353014_500.jpg,https://www.musinsa.com/products/5860842,False,2026-02-04 11:35:53
데상트,스포츠테리 워딩 로고 맨투맨 아이보리 SR123UHT11,SR123UHT11_IVY0,85,-,BLU0_BLUE,103550,OUT_OF_STOCK,0,N/A,0,0.0,N/A,386.35,B (양호),https:/images/prd_img/20251230/5860842/detail_5860842_17681817353014_500.jpg,https://www.musinsa.com/products/5860842,False,2026-02-04 11:35:53
데상트,스포츠테리 워딩 로고 맨투맨 아이보리 SR123UHT11,SR123UHT11_IVY0,90,-,BLU0_BLUE,103550,IN_STOCK,0,N/A,0,0.0,N/A,386.35,B (양호),https:/images/prd_img/20251230/5860842/detail_5860842_17681817353014_500.jpg,https://www.musinsa.com/products/5860842,False,2026-02-04 11:35:53
데상트,스포츠테리 워딩 로고 맨투맨 아이보리 SR123UHT11,SR123UHT11_IVY0,95,-,BLU0_BLUE,103550,IN_STOCK,0,N/A,0,0.0,N/A,386.35,B (양호),https:/images/prd_img/20251230/5860842/detail_5860842_17681817353014_500.jpg,https://www.musinsa.com/products/5860842,False,2026-02-04 11:35:53
데상트,스포츠테리 워딩 로고 맨투맨 아이보리 SR123UHT11,SR123UHT11_IVY0,100,-,BLU0_BLUE,103550,IN_STOCK,0,N/A,0,0.0,N/A,386.35,B (양호),https:/images/prd_img/20251230/5860842/detail_5860842_17681817353014_500.jpg,https://www.musinsa.com/products/5860842,False,2026-02-04 11:35:53
데상트,스포츠테리 워딩 로고 맨투맨 아이보리 SR123UHT11,SR123UHT11_IVY0,105,-,BLU0_BLUE,103550,IN_STOCK,0,N/A,0,0.0,N/A,386.35,B (양호),https:/images/prd_img/20251230/5860842/detail_5860842_17681817353014_500.jpg,https://www.musinsa.com/products/5860842,False,2026-02-04 11:35:53
데상트,스포츠테리 워딩 로고 맨투맨 아이보리 SR123UHT11,SR123UHT11_IVY0,110,-,BLU0_BLUE,103550,OUT_OF_STOCK,0,N/A,0,0.0,N/A,386.35,B (양호),https:/images/prd_img/20251230/5860842/detail_5860842_17681817353014_500.jpg,https://www.musinsa.com/products/5860842,False,2026-02-04 11:35:53
데상트,스포츠테리 워딩 로고 맨투맨 아이보리 SR123UHT11,SR123UHT11_IVY0,115,-,BLU0_BLUE,103550,OUT_OF_STOCK,0,N/A,0,0.0,N/A,386.35,B (양호),https:/images/prd_img/20251230/5860842/detail_5860842_17681817353014_500.jpg,https://www.musinsa.com/products/5860842,False,2026-02-04 11:35:53
데상트,스포츠테리 워딩 로고 맨투맨 아이보리 SR123UHT11,SR123UHT11_IVY0,120,-,BLU0_BLUE,103550,OUT_OF_STOCK,0,N/A,0,0.0,N/A,386.35,B (양호),https:/images/prd_img/20251230/5860842/detail_5860842_17681817353014_500.jpg,https://www.musinsa.com/products/5860842,False,2026-02-04 11:35:53
데상트,스포츠테리 워딩 로고 맨투맨 아이보리 SR123UHT11,SR123UHT11_IVY0,85,-,MGRY_MELANGE-GREY,103550,IN_STOCK,0,N/A,0,0.0,N/A,386.35,B (양호),https:/images/prd_img/20251230/5860842/detail_5860842_17681817353014_500.jpg,https://www.musinsa.com/products/5860842,False,2026-02-04 11:35:53
데상트,스포츠테리 워딩 로고 맨투맨 아이보리 SR123UHT11,SR123UHT11_IVY0,90,-,MGRY_MELANGE-GREY,103550,IN_STOCK,0,N/A,0,0.0,N/A,386.35,B (양호),https:/images/prd_img/20251230/5860842/detail_5860842_17681817353014_500.jpg,https://www.musinsa.com/products/5860842,False,2026-02-04 11:35:53
데상트,스포츠테리 워딩 로고 맨투맨 아이보리 SR123UHT11,SR123UHT11_IVY0,95,-,MGRY_MELANGE-GREY,103550,IN_STOCK,0,N/A,0,0.0,N/A,386.35,B (양호),https:/images/prd_img/20251230/5860842/detail_5860842_17681817353014_500.jpg,https://www.musinsa.com/products/5860842,False,2026-02-04 11:35:53
데상트,스포츠테리 워딩 로고 맨투맨 아이보리 SR123UHT11,SR123UHT11_IVY0,100,-,MGRY_MELANGE-GREY,103550,IN_STOCK,0,N/A,0,0.0,N/A,386.35,B (양호),https:/images/prd_img/20251230/5860842/detail_5860842_17681817353014_500.jpg,https://www.musinsa.com/products/5860842,False,2026-02-04 11:35:53
데상트,스포츠테리 워딩 로고 맨투맨 아이보리 SR123UHT11,SR123UHT11_IVY0,105,-,MGRY_MELANGE-GREY,103550,IN_STOCK,0,N/A,0,0.0,N/A,386.35,B (양호),https:/images/prd_img/20251230/5860842/detail_5860842_17681817353014_500.jpg,https://www.musinsa.com/products/5860842,False,2026-02-04 11:35:53
데상트,스포츠테리 워딩 로고 맨투맨 아이보리 SR123UHT11,SR123UHT11_IVY0,110,-,MGRY_MELANGE-GREY,103550,IN_STOCK,0,N/A,0,0.0,N/A,386.35,B (양호),https:/images/prd_img/20251230/5860842/detail_5860842_17681817353014_500.jpg,https://www.musinsa.com/products/5860842,False,2026-02-04 11:35:53
데상트,스포츠테리 워딩 로고 맨투맨 아이보리 SR123UHT11,SR123UHT11_IVY0,115,-,MGRY_MELANGE-GREY,103550,IN_STOCK,0,N/A,0,0.0,N/A,386.35,B (양호),https:/images/prd_img/20251230/5860842/detail_5860842_17681817353014_500.jpg,https://www.musinsa.com/products/5860842,False,2026-02-04 11:35:53
데상트,스포츠테리 워딩 로고 맨투맨 아이보리 SR123UHT11,SR123UHT11_IVY0,120,-,MGRY_MELANGE-GREY,103550,OUT_OF_STOCK,0,N/A,0,0.0,N/A,386.35,B (양호),https:/images/prd_img/20251230/5860842/detail_5860842_17681817353014_500.jpg,https://www.musinsa.com/products/5860842,False,2026-02-04 11:35:53
데상트,스포츠테리 워딩 로고 맨투맨 아이보리 SR123UHT11,SR123UHT11_IVY0,85,-,IVY0_IVORY,103550,OUT_OF_STOCK,0,N/A,0,0.0,N/A,386.35,B (양호),https:/images/prd_img/20251230/5860842/detail_5860842_17681817353014_500.jpg,https://www.musinsa.com/products/5860842,False,2026-02-04 11:35:53
데상트,스포츠테리 워딩 로고 맨투맨 아이보리 SR123UHT11,SR123UHT11_IVY0,90,-,IVY0_IVORY,103550,IN_STOCK,0,N/A,0,0.0,N/A,386.35,B (양호),https:/images/prd_img/20251230/5860842/detail_5860842_17681817353014_500.jpg,https://www.musinsa.com/products/5860842,False,2026-02-04 11:35:53
데상트,스포츠테리 워딩 로고 맨투맨 아이보리 SR123UHT11,SR123UHT11_IVY0,95,-,IVY0_IVORY,103550,IN_STOCK,0,N/A,0,0.0,N/A,386.35,B (양호),https:/images/prd_img/20251230/5860842/detail_5860842_17681817353014_500.jpg,https://www.musinsa.com/products/5860842,False,2026-02-04 11:35:53
데상트,스포츠테리 워딩 로고 맨투맨 아이보리 SR123UHT11,SR123UHT11_IVY0,100,-,IVY0_IVORY,103550,IN_STOCK,0,N/A,0,0.0,N/A,386.35,B (양호),https:/images/prd_img/20251230/5860842/detail_5860842_17681817353014_500.jpg,https://www.musinsa.com/products/5860842,False,2026-02-04 11:35:53
데상트,스포츠테리 워딩 로고 맨투맨 아이보리 SR123UHT11,SR123UHT11_IVY0,105,-,IVY0_IVORY,103550,IN_STOCK,0,N/A,0,0.0,N/A,386.35,B (양호),https:/images/prd_img/20251230/5860842/detail_5860842_17681817353014_500.jpg,https://www.musinsa.com/products/5860842,False,2026-02-04 11:35:53
데상트,스포츠테리 워딩 로고 맨투맨 아이보리 SR123UHT11,SR123UHT11_IVY0,110,-,IVY0_IVORY,103550,OUT_OF_STOCK,0,N/A,0,0.0,N/A,386.35,B (양호),https:/images/prd_img/20251230/5860842/detail_5860842_17681817353014_500.jpg,https://www.musinsa.com/products/5860842,False,2026-02-04 11:35:53
데상트,스포츠테리 워딩 로고 맨투맨 아이보리 SR123UHT11,SR123UHT11_IVY0,115,-,IVY0_IVORY,103550,OUT_OF_STOCK,0,N/A,0,0.0,N/A,386.35,B (양호),https:/images/prd_img/20251230/5860842/detail_5860842_17681817353014_500.jpg,https://www.musinsa.com/products/5860842,False,2026-02-04 11:35:53
데상트,스포츠테리 워딩 로고 맨투맨 아이보리 SR123UHT11,SR123UHT11_IVY0,120,-,IVY0_IVORY,103550,OUT_OF_STOCK,0,N/A,0,0.0,N/A,386.35,B (양호),https:/images/prd_img/20251230/5860842/detail_5860842_17681817353014_500.jpg,https://www.musinsa.com/products/5860842,False,2026-02-04 11:35:53
노스페이스,NJ1DR95A 여성 1996 레트로 눕시 자켓 BLACK,NJ1DR95A,85,85/S,BLACK,398050,IN_STOCK,269000,IN_STOCK,-129050,-32.42,LOSS,12.41,F (정체),https:/images/prd_img/20250825/5357325/detail_5357325_17560867033920_500.jpg,https://www.musinsa.com/products/5357325,False,2026-02-04 11:35:53
노스페이스,NJ1DR95A 여성 1996 레트로 눕시 자켓 BLACK,NJ1DR95A,90,90/M,BLACK,398050,IN_STOCK,279000,IN_STOCK,-119050,-29.91,LOSS,12.41,F (정체),https:/images/prd_img/20250825/5357325/detail_5357325_17560867033920_500.jpg,https://www.musinsa.com/products/5357325,False,2026-02-04 11:35:53
노스페이스,NJ1DR95A 여성 1996 레트로 눕시 자켓 BLACK,NJ1DR95A,95,95/L,BLACK,398050,IN_STOCK,273000,IN_STOCK,-125050,-31.42,LOSS,12.41,F (정체),https:/images/prd_img/20250825/5357325/detail_5357325_17560867033920_500.jpg,https://www.musinsa.com/products/5357325,False,2026-02-04 11:35:53
노스페이스,NJ1DR95A 여성 1996 레트로 눕시 자켓 BLACK,NJ1DR95A,100,100/XL,BLACK,398050,IN_STOCK,275000,IN_STOCK,-123050,-30.91,LOSS,12.41,F (정체),https:/images/prd_img/20250825/5357325/detail_5357325_17560867033920_500.jpg,https://www.musinsa.com/products/5357325,False,2026-02-04 11:35:53
노스페이스,NJ1DR95A 여성 1996 레트로 눕시 자켓 BLACK,NJ1DR95A,105,105/XXL,BLACK,398050,OUT_OF_STOCK,290000,IN_STOCK,0,0.0,N/A,12.41,F (정체),https:/images/prd_img/20250825/5357325/detail_5357325_17560867033920_500.jpg,https://www.musinsa.com/products/5357325,False,2026-02-04 11:35:53
데상트,에너자이트 슈퍼 윈터 V2 블랙 SQ323RRN82,SQ323RRN82_BLK0,230,-,BEG0_BEIGE,179550,IN_STOCK,0,N/A,0,0.0,N/A,101.71,B (양호),https:/images/prd_img/20250822/5353034/detail_5353034_17677689854349_500.jpg,https://www.musinsa.com/products/5353034,True,2026-02-04 11:35:53
데상트,에너자이트 슈퍼 윈터 V2 블랙 SQ323RRN82,SQ323RRN82_BLK0,235,36.5,BEG0_BEIGE,179550,IN_STOCK,171000,IN_STOCK,-8550,-4.76,LOSS,101.71,B (양호),https:/images/prd_img/20250822/5353034/detail_5353034_17677689854349_500.jpg,https://www.musinsa.com/products/5353034,True,2026-02-04 11:35:53
데상트,에너자이트 슈퍼 윈터 V2 블랙 SQ323RRN82,SQ323RRN82_BLK0,240,38,BEG0_BEIGE,179550,IN_STOCK,167000,IN_STOCK,-12550,-6.99,LOSS,101.71,B (양호),https:/images/prd_img/20250822/5353034/detail_5353034_17677689854349_500.jpg,https://www.musinsa.com/products/5353034,True,2026-02-04 11:35:53
데상트,에너자이트 슈퍼 윈터 V2 블랙 SQ323RRN82,SQ323RRN82_BLK0,245,39,BEG0_BEIGE,179550,IN_STOCK,167000,IN_STOCK,-12550,-6.99,LOSS,101.71,B (양호),https:/images/prd_img/20250822/5353034/detail_5353034_17677689854349_500.jpg,https://www.musinsa.com/products/5353034,True,2026-02-04 11:35:53
데상트,에너자이트 슈퍼 윈터 V2 블랙 SQ323RRN82,SQ323RRN82_BLK0,250,40,BEG0_BEIGE,179550,IN_STOCK,186000,IN_STOCK,6450,3.59,PROFIT,101.71,B (양호),https:/images/prd_img/20250822/5353034/detail_5353034_17677689854349_500.jpg,https://www.musinsa.com/products/5353034,True,2026-02-04 11:35:53
데상트,에너자이트 슈퍼 윈터 V2 블랙 SQ323RRN82,SQ323RRN82_BLK0,255,40.5,BEG0_BEIGE,179550,IN_STOCK,186000,IN_STOCK,6450,3.59,PROFIT,101.71,B (양호),https:/images/prd_img/20250822/5353034/detail_5353034_17677689854349_500.jpg,https://www.musinsa.com/products/5353034,True,2026-02-04 11:35:53
데상트,에너자이트 슈퍼 윈터 V2 블랙 SQ323RRN82,SQ323RRN82_BLK0,260,41,BEG0_BEIGE,179550,IN_STOCK,171000,IN_STOCK,-8550,-4.76,LOSS,101.71,B (양호),https:/images/prd_img/20250822/5353034/detail_5353034_17677689854349_500.jpg,https://www.musinsa.com/products/5353034,True,2026-02-04 11:35:53
데상트,에너자이트 슈퍼 윈터 V2 블랙 SQ323RRN82,SQ323RRN82_BLK0,265,42,BEG0_BEIGE,179550,IN_STOCK,167000,IN_STOCK,-12550,-6.99,LOSS,101.71,B (양호),https:/images/prd_img/20250822/5353034/detail_5353034_17677689854349_500.jpg,https://www.musinsa.com/products/5353034,True,2026-02-04 11:35:53
데상트,에너자이트 슈퍼 윈터 V2 블랙 SQ323RRN82,SQ323RRN82_BLK0,270,42.5,BEG0_BEIGE,179550,IN_STOCK,205000,IN_STOCK,25450,14.17,PROFIT,101.71,B (양호),https:/images/prd_img/20250822/5353034/detail_5353034_17677689854349_500.jpg,https://www.musinsa.com/products/5353034,True,2026-02-04 11:35:53
데상트,에너자이트 슈퍼 윈터 V2 블랙 SQ323RRN82,SQ323RRN82_BLK0,275,43,BEG0_BEIGE,179550,IN_STOCK,163000,IN_STOCK,-16550,-9.22,LOSS,101.71,B (양호),https:/images/prd_img/20250822/5353034/detail_5353034_17677689854349_500.jpg,https://www.musinsa.com/products/5353034,True,2026-02-04 11:35:53
데상트,에너자이트 슈퍼 윈터 V2 블랙 SQ323RRN82,SQ323RRN82_BLK0,280,44,BEG0_BEIGE,179550,IN_STOCK,0,OUT_OF_STOCK,0,0.0,N/A,101.71,B (양호),https:/images/prd_img/20250822/5353034/detail_5353034_17677689854349_500.jpg,https://www.musinsa.com/products/5353034,True,2026-02-04 11:35:53
데상트,에너자이트 슈퍼 윈터 V2 블랙 SQ323RRN82,SQ323RRN82_BLK0,285,44.5,BEG0_BEIGE,179550,OUT_OF_STOCK,211000,IN_STOCK,0,0.0,N/A,101.71,B (양호),https:/images/prd_img/20250822/5353034/detail_5353034_17677689854349_500.jpg,https://www.musinsa.com/products/5353034,True,2026-02-04 11:35:53
데상트,에너자이트 슈퍼 윈터 V2 블랙 SQ323RRN82,SQ323RRN82_BLK0,290,-,BEG0_BEIGE,179550,IN_STOCK,0,N/A,0,0.0,N/A,101.71,B (양호),https:/images/prd_img/20250822/5353034/detail_5353034_17677689854349_500.jpg,https://www.musinsa.com/products/5353034,True,2026-02-04 11:35:53
데상트,에너자이트 슈퍼 윈터 V2 블랙 SQ323RRN82,SQ323RRN82_BLK0,230,-,BLK0_BLACK,179550,IN_STOCK,0,N/A,0,0.0,N/A,101.71,B (양호),https:/images/prd_img/20250822/5353034/detail_5353034_17677689854349_500.jpg,https://www.musinsa.com/products/5353034,True,2026-02-04 11:35:53
데상트,에너자이트 슈퍼 윈터 V2 블랙 SQ323RRN82,SQ323RRN82_BLK0,235,36.5,BLK0_BLACK,179550,IN_STOCK,159000,IN_STOCK,-20550,-11.45,LOSS,101.71,B (양호),https:/images/prd_img/20250822/5353034/detail_5353034_17677689854349_500.jpg,https://www.musinsa.com/products/5353034,True,2026-02-04 11:35:53
데상트,에너자이트 슈퍼 윈터 V2 블랙 SQ323RRN82,SQ323RRN82_BLK0,240,38,BLK0_BLACK,179550,IN_STOCK,159000,IN_STOCK,-20550,-11.45,LOSS,101.71,B (양호),https:/images/prd_img/20250822/5353034/detail_5353034_17677689854349_500.jpg,https://www.musinsa.com/products/5353034,True,2026-02-04 11:35:53
데상트,에너자이트 슈퍼 윈터 V2 블랙 SQ323RRN82,SQ323RRN82_BLK0,245,38.5,BLK0_BLACK,179550,IN_STOCK,171000,IN_STOCK,-8550,-4.76,LOSS,101.71,B (양호),https:/images/prd_img/20250822/5353034/detail_5353034_17677689854349_500.jpg,https://www.musinsa.com/products/5353034,True,2026-02-04 11:35:53
데상트,에너자이트 슈퍼 윈터 V2 블랙 SQ323RRN82,SQ323RRN82_BLK0,250,40,BLK0_BLACK,179550,IN_STOCK,186000,IN_STOCK,6450,3.59,PROFIT,101.71,B (양호),https:/images/prd_img/20250822/5353034/detail_5353034_17677689854349_500.jpg,https://www.musinsa.com/products/5353034,True,2026-02-04 11:35:53
데상트,에너자이트 슈퍼 윈터 V2 블랙 SQ323RRN82,SQ323RRN82_BLK0,255,40.5,BLK0_BLACK,179550,IN_STOCK,182000,IN_STOCK,2450,1.36,PROFIT,101.71,B (양호),https:/images/prd_img/20250822/5353034/detail_5353034_17677689854349_500.jpg,https://www.musinsa.com/products/5353034,True,2026-02-04 11:35:53
데상트,에너자이트 슈퍼 윈터 V2 블랙 SQ323RRN82,SQ323RRN82_BLK0,260,41,BLK0_BLACK,179550,IN_STOCK,186000,IN_STOCK,6450,3.59,PROFIT,101.71,B (양호),https:/images/prd_img/20250822/5353034/detail_5353034_17677689854349_500.jpg,https://www.musinsa.com/products/5353034,True,2026-02-04 11:35:53
데상트,에너자이트 슈퍼 윈터 V2 블랙 SQ323RRN82,SQ323RRN82_BLK0,265,42,BLK0_BLACK,179550,OUT_OF_STOCK,192000,IN_STOCK,0,0.0,N/A,101.71,B (양호),https:/images/prd_img/20250822/5353034/detail_5353034_17677689854349_500.jpg,https://www.musinsa.com/products/5353034,True,2026-02-04 11:35:53
데상트,에너자이트 슈퍼 윈터 V2 블랙 SQ323RRN82,SQ323RRN82_BLK0,270,42.5,BLK0_BLACK,179550,IN_STOCK,184000,IN_STOCK,4450,2.48,PROFIT,101.71,B (양호),https:/images/prd_img/20250822/5353034/detail_5353034_17677689854349_500.jpg,https://www.musinsa.com/products/5353034,True,2026-02-04 11:35:53
데상트,에너자이트 슈퍼 윈터 V2 블랙 SQ323RRN82,SQ323RRN82_BLK0,275,43,BLK0_BLACK,179550,OUT_OF_STOCK,192000,IN_STOCK,0,0.0,N/A,101.71,B (양호),https:/images/prd_img/20250822/5353034/detail_5353034_17677689854349_500.jpg,https://www.musinsa.com/products/5353034,True,2026-02-04 11:35:53
데상트,에너자이트 슈퍼 윈터 V2 블랙 SQ323RRN82,SQ323RRN82_BLK0,280,44,BLK0_BLACK,179550,IN_STOCK,207000,IN_STOCK,27450,15.29,PROFIT,101.71,B (양호),https:/images/prd_img/20250822/5353034/detail_5353034_17677689854349_500.jpg,https://www.musinsa.com/products/5353034,True,2026-02-04 11:35:53
데상트,에너자이트 슈퍼 윈터 V2 블랙 SQ323RRN82,SQ323RRN82_BLK0,285,44.5,BLK0_BLACK,179550,OUT_OF_STOCK,184000,IN_STOCK,0,0.0,N/A,101.71,B (양호),https:/images/prd_img/20250822/5353034/detail_5353034_17677689854349_500.jpg,https://www.musinsa.com/products/5353034,True,2026-02-04 11:35:53
데상트,에너자이트 슈퍼 윈터 V2 블랙 SQ323RRN82,SQ323RRN82_BLK0,290,-,BLK0_BLACK,179550,OUT_OF_STOCK,0,N/A,0,0.0,N/A,101.71,B (양호),https:/images/prd_img/20250822/5353034/detail_5353034_17677689854349_500.jpg,https://www.musinsa.com/products/5353034,True,2026-02-04 11:35:53
나이키,ACG 라바 플로우 써마 핏 ADV 재킷 M - 블랙:서밋 화이트 / HJ3736-010,HJ3736-010,80,XS,블랙/서밋 화이트,0,N/A,0,OUT_OF_STOCK,0,0.0,N/A,354.26,B (양호),https:/images/prd_img/20250922/5502933/detail_5502933_17586884695373_500.jpg,,False,2026-02-04 11:35:53
나이키,ACG 라바 플로우 써마 핏 ADV 재킷 M - 블랙:서밋 화이트 / HJ3736-010,HJ3736-010,100,2XL,블랙/서밋 화이트,0,N/A,169000,IN_STOCK,0,0.0,N/A,354.26,B (양호),https:/images/prd_img/20250922/5502933/detail_5502933_17586884695373_500.jpg,,False,2026-02-04 11:35:53
나이키,ACG 라바 플로우 써마 핏 ADV 재킷 M - 블랙:서밋 화이트 / HJ3736-010,HJ3736-010,90,S,ONE COLOR,296100,OUT_OF_STOCK,259000,IN_STOCK,0,0.0,N/A,354.26,B (양호),https:/images/prd_img/20250922/5502933/detail_5502933_17586884695373_500.jpg,https://www.musinsa.com/products/5502933,False,2026-02-04 11:35:53
나이키,ACG 라바 플로우 써마 핏 ADV 재킷 M - 블랙:서밋 화이트 / HJ3736-010,HJ3736-010,95,M,ONE COLOR,296100,OUT_OF_STOCK,230000,IN_STOCK,0,0.0,N/A,354.26,B (양호),https:/images/prd_img/20250922/5502933/detail_5502933_17586884695373_500.jpg,https://www.musinsa.com/products/5502933,False,2026-02-04 11:35:53
나이키,ACG 라바 플로우 써마 핏 ADV 재킷 M - 블랙:서밋 화이트 / HJ3736-010,HJ3736-010,100,L,ONE COLOR,296100,IN_STOCK,234000,IN_STOCK,-62100,-20.97,LOSS,354.26,B (양호),https:/images/prd_img/20250922/5502933/detail_5502933_17586884695373_500.jpg,https://www.musinsa.com/products/5502933,False,2026-02-04 11:35:53
나이키,ACG 라바 플로우 써마 핏 ADV 재킷 M - 블랙:서밋 화이트 / HJ3736-010,HJ3736-010,105,XL,ONE COLOR,296100,IN_STOCK,178000,IN_STOCK,-118100,-39.89,LOSS,354.26,B (양호),https:/images/prd_img/20250922/5502933/detail_5502933_17586884695373_500.jpg,https://www.musinsa.com/products/5502933,False,2026-02-04 11:35:53
나이키,ACG 라바 플로우 써마 핏 ADV 재킷 M - 블랙:서밋 화이트 / HJ3736-010,HJ3736-010,110,-,ONE COLOR,296100,IN_STOCK,0,N/A,0,0.0,N/A,354.26,B (양호),https:/images/prd_img/20250922/5502933/detail_5502933_17586884695373_500.jpg,https://www.musinsa.com/products/5502933,False,2026-02-04 11:35:53
나이키,ACG 라바 플로우 써마 핏 ADV 재킷 M - 블랙:서밋 화이트 / HJ3736-010,HJ3736-010,115,3XL,ONE COLOR,296100,OUT_OF_STOCK,253000,IN_STOCK,0,0.0,N/A,354.26,B (양호),https:/images/prd_img/20250922/5502933/detail_5502933_17586884695373_500.jpg,https://www.musinsa.com/products/5502933,False,2026-02-04 11:35:53
노스페이스,NJ4FR55J 화이트라벨 반프 EX 플리스 자켓 BLACK,NJ4FR55J,85,085/XS,BLACK,119850,IN_STOCK,113000,IN_STOCK,-6850,-5.72,LOSS,25.72,C (보통),https:/images/prd_img/20250925/5529562/detail_5529562_17587781332912_500.jpg,https://www.musinsa.com/products/5529562,False,2026-02-04 11:35:53
노스페이스,NJ4FR55J 화이트라벨 반프 EX 플리스 자켓 BLACK,NJ4FR55J,90,090/S,BLACK,119850,IN_STOCK,113000,IN_STOCK,-6850,-5.72,LOSS,25.72,C (보통),https:/images/prd_img/20250925/5529562/detail_5529562_17587781332912_500.jpg,https://www.musinsa.com/products/5529562,False,2026-02-04 11:35:53
노스페이스,NJ4FR55J 화이트라벨 반프 EX 플리스 자켓 BLACK,NJ4FR55J,95,095/M,BLACK,119850,IN_STOCK,117000,IN_STOCK,-2850,-2.38,LOSS,25.72,C (보통),https:/images/prd_img/20250925/5529562/detail_5529562_17587781332912_500.jpg,https://www.musinsa.com/products/5529562,False,2026-02-04 11:35:53
노스페이스,NJ4FR55J 화이트라벨 반프 EX 플리스 자켓 BLACK,NJ4FR55J,100,100/L,BLACK,119850,IN_STOCK,113000,IN_STOCK,-6850,-5.72,LOSS,25.72,C (보통),https:/images/prd_img/20250925/5529562/detail_5529562_17587781332912_500.jpg,https://www.musinsa.com/products/5529562,False,2026-02-04 11:35:53
노스페이스,NJ4FR55J 화이트라벨 반프 EX 플리스 자켓 BLACK,NJ4FR55J,105,105/XL,BLACK,119850,IN_STOCK,113000,IN_STOCK,-6850,-5.72,LOSS,25.72,C (보통),https:/images/prd_img/20250925/5529562/detail_5529562_17587781332912_500.jpg,https://www.musinsa.com/products/5529562,False,2026-02-04 11:35:53
노스페이스,NJ4FR55J 화이트라벨 반프 EX 플리스 자켓 BLACK,NJ4FR55J,110,110/XXL,BLACK,119850,OUT_OF_STOCK,122000,IN_STOCK,0,0.0,N/A,25.72,C (보통),https:/images/prd_img/20250925/5529562/detail_5529562_17587781332912_500.jpg,https://www.musinsa.com/products/5529562,False,2026-02-04 11:35:53
나이키,ACG 돌로미티 팬츠 M - 블랙:서밋 화이트 / IF0914-010,IF0914-010,64,XXS,블루,0,N/A,157000,IN_STOCK,0,0.0,N/A,193.27,B (양호),https:/images/prd_img/20251212/5825929/detail_5825929_17657837016812_500.jpg,,False,2026-02-04 11:35:53
나이키,ACG 돌로미티 팬츠 M - 블랙:서밋 화이트 / IF0914-010,IF0914-010,88,2XL,블루,0,N/A,91000,IN_STOCK,0,0.0,N/A,193.27,B (양호),https:/images/prd_img/20251212/5825929/detail_5825929_17657837016812_500.jpg,,False,2026-02-04 11:35:53
나이키,ACG 돌로미티 팬츠 M - 블랙:서밋 화이트 / IF0914-010,IF0914-010,92,3XL,블루,0,N/A,91000,IN_STOCK,0,0.0,N/A,193.27,B (양호),https:/images/prd_img/20251212/5825929/detail_5825929_17657837016812_500.jpg,,False,2026-02-04 11:35:53
나이키,ACG 돌로미티 팬츠 M - 블랙:서밋 화이트 / IF0914-010,IF0914-010,96,4XL,블루,0,N/A,0,OUT_OF_STOCK,0,0.0,N/A,193.27,B (양호),https:/images/prd_img/20251212/5825929/detail_5825929_17657837016812_500.jpg,,False,2026-02-04 11:35:53
나이키,ACG 돌로미티 팬츠 M - 블랙:서밋 화이트 / IF0914-010,IF0914-010,100,5XL,블루,0,N/A,0,OUT_OF_STOCK,0,0.0,N/A,193.27,B (양호),https:/images/prd_img/20251212/5825929/detail_5825929_17657837016812_500.jpg,,False,2026-02-04 11:35:53
나이키,ACG 돌로미티 팬츠 M - 블랙:서밋 화이트 / IF0914-010,IF0914-010,85,XS,ONE COLOR,135000,IN_STOCK,128000,IN_STOCK,-7000,-5.19,LOSS,193.27,B (양호),https:/images/prd_img/20251212/5825929/detail_5825929_17657837016812_500.jpg,https://www.musinsa.com/products/5825929,False,2026-02-04 11:35:53
나이키,ACG 돌로미티 팬츠 M - 블랙:서밋 화이트 / IF0914-010,IF0914-010,90,S,ONE COLOR,135000,IN_STOCK,91000,IN_STOCK,-44000,-32.59,LOSS,193.27,B (양호),https:/images/prd_img/20251212/5825929/detail_5825929_17657837016812_500.jpg,https://www.musinsa.com/products/5825929,False,2026-02-04 11:35:53
나이키,ACG 돌로미티 팬츠 M - 블랙:서밋 화이트 / IF0914-010,IF0914-010,95,M,ONE COLOR,135000,IN_STOCK,91000,IN_STOCK,-44000,-32.59,LOSS,193.27,B (양호),https:/images/prd_img/20251212/5825929/detail_5825929_17657837016812_500.jpg,https://www.musinsa.com/products/5825929,False,2026-02-04 11:35:53
나이키,ACG 돌로미티 팬츠 M - 블랙:서밋 화이트 / IF0914-010,IF0914-010,100,L,ONE COLOR,135000,IN_STOCK,91000,IN_STOCK,-44000,-32.59,LOSS,193.27,B (양호),https:/images/prd_img/20251212/5825929/detail_5825929_17657837016812_500.jpg,https://www.musinsa.com/products/5825929,False,2026-02-04 11:35:53
나이키,ACG 돌로미티 팬츠 M - 블랙:서밋 화이트 / IF0914-010,IF0914-010,105,XL,ONE COLOR,135000,IN_STOCK,91000,IN_STOCK,-44000,-32.59,LOSS,193.27,B (양호),https:/images/prd_img/20251212/5825929/detail_5825929_17657837016812_500.jpg,https://www.musinsa.com/products/5825929,False,2026-02-04 11:35:53
나이키,ACG 돌로미티 팬츠 M - 블랙:서밋 화이트 / IF0914-010,IF0914-010,110,-,ONE COLOR,135000,IN_STOCK,0,N/A,0,0.0,N/A,193.27,B (양호),https:/images/prd_img/20251212/5825929/detail_5825929_17657837016812_500.jpg,https://www.musinsa.com/products/5825929,False,2026-02-04 11:35:53
나이키,에어 포스 1 레트로 밸런타인 데이 M - 블랙:유니버시티 레드:블랙 / IB6836-001,IB6836-001,310,47.5,블랙,0,N/A,211000,IN_STOCK,0,0.0,N/A,55.79,C (보통),https:/images/prd_img/20260123/5932926/detail_5932926_17697508825372_500.jpg,,True,2026-02-04 11:35:53
나이키,에어 포스 1 레트로 밸런타인 데이 M - 블랙:유니버시티 레드:블랙 / IB6836-001,IB6836-001,320,48.5,블랙,0,N/A,236000,IN_STOCK,0,0.0,N/A,55.79,C (보통),https:/images/prd_img/20260123/5932926/detail_5932926_17697508825372_500.jpg,,True,2026-02-04 11:35:53
나이키,에어 포스 1 레트로 밸런타인 데이 M - 블랙:유니버시티 레드:블랙 / IB6836-001,IB6836-001,330,49.5,블랙,0,N/A,180000,IN_STOCK,0,0.0,N/A,55.79,C (보통),https:/images/prd_img/20260123/5932926/detail_5932926_17697508825372_500.jpg,,True,2026-02-04 11:35:53
나이키,에어 포스 1 레트로 밸런타인 데이 M - 블랙:유니버시티 레드:블랙 / IB6836-001,IB6836-001,240,38.5,ONE COLOR,169000,OUT_OF_STOCK,180000,IN_STOCK,0,0.0,N/A,55.79,C (보통),https:/images/prd_img/20260123/5932926/detail_5932926_17697508825372_500.jpg,https://www.musinsa.com/products/5932926,True,2026-02-04 11:35:53
나이키,에어 포스 1 레트로 밸런타인 데이 M - 블랙:유니버시티 레드:블랙 / IB6836-001,IB6836-001,245,39,ONE COLOR,169000,IN_STOCK,171000,IN_STOCK,2000,1.18,PROFIT,55.79,C (보통),https:/images/prd_img/20260123/5932926/detail_5932926_17697508825372_500.jpg,https://www.musinsa.com/products/5932926,True,2026-02-04 11:35:53
나이키,에어 포스 1 레트로 밸런타인 데이 M - 블랙:유니버시티 레드:블랙 / IB6836-001,IB6836-001,250,40,ONE COLOR,169000,IN_STOCK,171000,IN_STOCK,2000,1.18,PROFIT,55.79,C (보통),https:/images/prd_img/20260123/5932926/detail_5932926_17697508825372_500.jpg,https://www.musinsa.com/products/5932926,True,2026-02-04 11:35:53
나이키,에어 포스 1 레트로 밸런타인 데이 M - 블랙:유니버시티 레드:블랙 / IB6836-001,IB6836-001,255,40.5,ONE COLOR,169000,IN_STOCK,171000,IN_STOCK,2000,1.18,PROFIT,55.79,C (보통),https:/images/prd_img/20260123/5932926/detail_5932926_17697508825372_500.jpg,https://www.musinsa.com/products/5932926,True,2026-02-04 11:35:53
나이키,에어 포스 1 레트로 밸런타인 데이 M - 블랙:유니버시티 레드:블랙 / IB6836-001,IB6836-001,260,41,ONE COLOR,169000,IN_STOCK,171000,IN_STOCK,2000,1.18,PROFIT,55.79,C (보통),https:/images/prd_img/20260123/5932926/detail_5932926_17697508825372_500.jpg,https://www.musinsa.com/products/5932926,True,2026-02-04 11:35:53
나이키,에어 포스 1 레트로 밸런타인 데이 M - 블랙:유니버시티 레드:블랙 / IB6836-001,IB6836-001,265,42,ONE COLOR,169000,IN_STOCK,171000,IN_STOCK,2000,1.18,PROFIT,55.79,C (보통),https:/images/prd_img/20260123/5932926/detail_5932926_17697508825372_500.jpg,https://www.musinsa.com/products/5932926,True,2026-02-04 11:35:53
나이키,에어 포스 1 레트로 밸런타인 데이 M - 블랙:유니버시티 레드:블랙 / IB6836-001,IB6836-001,270,42.5,ONE COLOR,169000,IN_STOCK,167000,IN_STOCK,-2000,-1.18,LOSS,55.79,C (보통),https:/images/prd_img/20260123/5932926/detail_5932926_17697508825372_500.jpg,https://www.musinsa.com/products/5932926,True,2026-02-04 11:35:53
나이키,에어 포스 1 레트로 밸런타인 데이 M - 블랙:유니버시티 레드:블랙 / IB6836-001,IB6836-001,275,43,ONE COLOR,169000,IN_STOCK,149000,IN_STOCK,-20000,-11.83,LOSS,55.79,C (보통),https:/images/prd_img/20260123/5932926/detail_5932926_17697508825372_500.jpg,https://www.musinsa.com/products/5932926,True,2026-02-04 11:35:53
나이키,에어 포스 1 레트로 밸런타인 데이 M - 블랙:유니버시티 레드:블랙 / IB6836-001,IB6836-001,280,44,ONE COLOR,169000,IN_STOCK,166000,IN_STOCK,-3000,-1.78,LOSS,55.79,C (보통),https:/images/prd_img/20260123/5932926/detail_5932926_17697508825372_500.jpg,https://www.musinsa.com/products/5932926,True,2026-02-04 11:35:53
나이키,에어 포스 1 레트로 밸런타인 데이 M - 블랙:유니버시티 레드:블랙 / IB6836-001,IB6836-001,285,44.5,ONE COLOR,169000,IN_STOCK,171000,IN_STOCK,2000,1.18,PROFIT,55.79,C (보통),https:/images/prd_img/20260123/5932926/detail_5932926_17697508825372_500.jpg,https://www.musinsa.com/products/5932926,True,2026-02-04 11:35:53
나이키,에어 포스 1 레트로 밸런타인 데이 M - 블랙:유니버시티 레드:블랙 / IB6836-001,IB6836-001,290,45,ONE COLOR,169000,OUT_OF_STOCK,159000,IN_STOCK,0,0.0,N/A,55.79,C (보통),https:/images/prd_img/20260123/5932926/detail_5932926_17697508825372_500.jpg,https://www.musinsa.com/products/5932926,True,2026-02-04 11:35:53
나이키,에어 포스 1 레트로 밸런타인 데이 M - 블랙:유니버시티 레드:블랙 / IB6836-001,IB6836-001,295,45.5,ONE COLOR,169000,IN_STOCK,171000,IN_STOCK,2000,1.18,PROFIT,55.79,C (보통),https:/images/prd_img/20260123/5932926/detail_5932926_17697508825372_500.jpg,https://www.musinsa.com/products/5932926,True,2026-02-04 11:35:53
나이키,에어 포스 1 레트로 밸런타인 데이 M - 블랙:유니버시티 레드:블랙 / IB6836-001,IB6836-001,300,46,ONE COLOR,169000,OUT_OF_STOCK,169000,IN_STOCK,0,0.0,N/A,55.79,C (보통),https:/images/prd_img/20260123/5932926/detail_5932926_17697508825372_500.jpg,https://www.musinsa.com/products/5932926,True,2026-02-04 11:35:53
노스페이스,NJ1DR83K 화이트라벨 여성 빈티지 눕시 DT 자켓 (RDS) BEIGE BROWN,NJ1DR83K,85,S,BEIGE BROWN,387600,OUT_OF_STOCK,401000,IN_STOCK,0,0.0,N/A,12.04,F (정체),https:/images/prd_img/20260113/5890271/detail_5890271_17682870064159_500.jpg,https://www.musinsa.com/products/5890271,True,2026-02-04 11:35:53
노스페이스,NJ1DR83K 화이트라벨 여성 빈티지 눕시 DT 자켓 (RDS) BEIGE BROWN,NJ1DR83K,90,M,BEIGE BROWN,387600,IN_STOCK,401000,IN_STOCK,13400,3.46,PROFIT,12.04,F (정체),https:/images/prd_img/20260113/5890271/detail_5890271_17682870064159_500.jpg,https://www.musinsa.com/products/5890271,True,2026-02-04 11:35:53
노스페이스,NJ1DR83K 화이트라벨 여성 빈티지 눕시 DT 자켓 (RDS) BEIGE BROWN,NJ1DR83K,95,L,BEIGE BROWN,387600,IN_STOCK,401000,IN_STOCK,13400,3.46,PROFIT,12.04,F (정체),https:/images/prd_img/20260113/5890271/detail_5890271_17682870064159_500.jpg,https://www.musinsa.com/products/5890271,True,2026-02-04 11:35:53
노스페이스,NJ1DR83K 화이트라벨 여성 빈티지 눕시 DT 자켓 (RDS) BEIGE BROWN,NJ1DR83K,100,XL,BEIGE BROWN,387600,IN_STOCK,385000,IN_STOCK,-2600,-0.67,LOSS,12.04,F (정체),https:/images/prd_img/20260113/5890271/detail_5890271_17682870064159_500.jpg,https://www.musinsa.com/products/5890271,True,2026-02-04 11:35:53
노스페이스,NJ1DR87B 여성 스카이 다운 자켓 (RDS) BEIGE BROWN,NJ1DR87B,105,XXL,베이지 브라운,0,N/A,426000,IN_STOCK,0,0.0,N/A,16.73,F (정체),https:/images/prd_img/20251105/5688994/detail_5688994_17623233706096_500.jpg,,False,2026-02-04 11:35:53
노스페이스,NJ1DR87B 여성 스카이 다운 자켓 (RDS) BEIGE BROWN,NJ1DR87B,85,XS,BEIGE BROWN,364040,OUT_OF_STOCK,0,OUT_OF_STOCK,0,0.0,N/A,16.73,F (정체),https:/images/prd_img/20251105/5688994/detail_5688994_17623233706096_500.jpg,https://www.musinsa.com/products/5688994,False,2026-02-04 11:35:53
노스페이스,NJ1DR87B 여성 스카이 다운 자켓 (RDS) BEIGE BROWN,NJ1DR87B,90,S,BEIGE BROWN,364040,OUT_OF_STOCK,441000,IN_STOCK,0,0.0,N/A,16.73,F (정체),https:/images/prd_img/20251105/5688994/detail_5688994_17623233706096_500.jpg,https://www.musinsa.com/products/5688994,False,2026-02-04 11:35:53
노스페이스,NJ1DR87B 여성 스카이 다운 자켓 (RDS) BEIGE BROWN,NJ1DR87B,95,M,BEIGE BROWN,364040,OUT_OF_STOCK,294000,IN_STOCK,0,0.0,N/A,16.73,F (정체),https:/images/prd_img/20251105/5688994/detail_5688994_17623233706096_500.jpg,https://www.musinsa.com/products/5688994,False,2026-02-04 11:35:53
노스페이스,NJ1DR87B 여성 스카이 다운 자켓 (RDS) BEIGE BROWN,NJ1DR87B,100,L,BEIGE BROWN,364040,IN_STOCK,308000,IN_STOCK,-56040,-15.39,LOSS,16.73,F (정체),https:/images/prd_img/20251105/5688994/detail_5688994_17623233706096_500.jpg,https://www.musinsa.com/products/5688994,False,2026-02-04 11:35:53
노스페이스,NJ1DR87B 여성 스카이 다운 자켓 (RDS) BEIGE BROWN,NJ1DR87B,105,XL,BEIGE BROWN,364040,OUT_OF_STOCK,298000,IN_STOCK,0,0.0,N/A,16.73,F (정체),https:/images/prd_img/20251105/5688994/detail_5688994_17623233706096_500.jpg,https://www.musinsa.com/products/5688994,False,2026-02-04 11:35:53
아디다스,플레더 3S 트랙탑 - 블랙 / KQ5472,KQ5472,4,4XL,블랙,0,N/A,0,OUT_OF_STOCK,0,0.0,N/A,157.66,B (양호),https:/images/prd_img/20260107/5874490/detail_5874490_17678506563353_500.jpg,,False,2026-02-04 11:35:53
아디다스,플레더 3S 트랙탑 - 블랙 / KQ5472,KQ5472,85,A/XS,ONE COLOR,135200,IN_STOCK,128000,IN_STOCK,-7200,-5.33,LOSS,157.66,B (양호),https:/images/prd_img/20260107/5874490/detail_5874490_17678506563353_500.jpg,https://www.musinsa.com/products/5874490,False,2026-02-04 11:35:53
아디다스,플레더 3S 트랙탑 - 블랙 / KQ5472,KQ5472,90,A/S,ONE COLOR,135200,IN_STOCK,126000,IN_STOCK,-9200,-6.8,LOSS,157.66,B (양호),https:/images/prd_img/20260107/5874490/detail_5874490_17678506563353_500.jpg,https://www.musinsa.com/products/5874490,False,2026-02-04 11:35:53
아디다스,플레더 3S 트랙탑 - 블랙 / KQ5472,KQ5472,95,A/M,ONE COLOR,135200,OUT_OF_STOCK,134000,IN_STOCK,0,0.0,N/A,157.66,B (양호),https:/images/prd_img/20260107/5874490/detail_5874490_17678506563353_500.jpg,https://www.musinsa.com/products/5874490,False,2026-02-04 11:35:53
아디다스,플레더 3S 트랙탑 - 블랙 / KQ5472,KQ5472,100,A/L,ONE COLOR,135200,OUT_OF_STOCK,134000,IN_STOCK,0,0.0,N/A,157.66,B (양호),https:/images/prd_img/20260107/5874490/detail_5874490_17678506563353_500.jpg,https://www.musinsa.com/products/5874490,False,2026-02-04 11:35:53
아디다스,플레더 3S 트랙탑 - 블랙 / KQ5472,KQ5472,105,A/XL,ONE COLOR,135200,OUT_OF_STOCK,128000,IN_STOCK,0,0.0,N/A,157.66,B (양호),https:/images/prd_img/20260107/5874490/detail_5874490_17678506563353_500.jpg,https://www.musinsa.com/products/5874490,False,2026-02-04 11:35:53
아디다스,플레더 3S 트랙탑 - 블랙 / KQ5472,KQ5472,110,A/2XL,ONE COLOR,135200,OUT_OF_STOCK,144000,IN_STOCK,0,0.0,N/A,157.66,B (양호),https:/images/prd_img/20260107/5874490/detail_5874490_17678506563353_500.jpg,https://www.musinsa.com/products/5874490,False,2026-02-04 11:35:53
아디다스,플레더 3S 트랙탑 - 블랙 / KQ5472,KQ5472,115,A/3XL,ONE COLOR,135200,OUT_OF_STOCK,163000,IN_STOCK,0,0.0,N/A,157.66,B (양호),https:/images/prd_img/20260107/5874490/detail_5874490_17678506563353_500.jpg,https://www.musinsa.com/products/5874490,False,2026-02-04 11:35:53
나이키,ACG 플라이 언스트럭처 캡 - 블랙 / IH8673-010,IH8673-010,90,S/M,ONE COLOR,45000,IN_STOCK,60000,IN_STOCK,15000,33.33,PROFIT,0.0,F (정체),https:/images/prd_img/20260123/5932927/detail_5932927_17697501481668_500.jpg,https://www.musinsa.com/products/5932927,True,2026-02-04 11:35:53
나이키,ACG 플라이 언스트럭처 캡 - 블랙 / IH8673-010,IH8673-010,95,M/L,ONE COLOR,45000,IN_STOCK,60000,IN_STOCK,15000,33.33,PROFIT,0.0,F (정체),https:/images/prd_img/20260123/5932927/detail_5932927_17697501481668_500.jpg,https://www.musinsa.com/products/5932927,True,2026-02-04 11:35:53
나이키,ACG 플라이 언스트럭처 캡 - 블랙 / IH8673-010,IH8673-010,100,L/XL,ONE COLOR,45000,IN_STOCK,50000,IN_STOCK,5000,11.11,PROFIT,0.0,F (정체),https:/images/prd_img/20260123/5932927/detail_5932927_17697501481668_500.jpg,https://www.musinsa.com/products/5932927,True,2026-02-04 11:35:53
나이키,에어 맥스 모토 2K SE W - 블랙:앤트러사이트 / IO4862-001,IO4862-001,265,41,블랙,0,N/A,144000,IN_STOCK,0,0.0,N/A,0.99,F (정체),https:/images/prd_img/20251212/5825967/detail_5825967_17665535536495_500.jpg,,False,2026-02-04 11:35:53
나이키,에어 맥스 모토 2K SE W - 블랙:앤트러사이트 / IO4862-001,IO4862-001,275,42.5,블랙,0,N/A,171000,IN_STOCK,0,0.0,N/A,0.99,F (정체),https:/images/prd_img/20251212/5825967/detail_5825967_17665535536495_500.jpg,,False,2026-02-04 11:35:53
나이키,에어 맥스 모토 2K SE W - 블랙:앤트러사이트 / IO4862-001,IO4862-001,280,43,블랙,0,N/A,144000,IN_STOCK,0,0.0,N/A,0.99,F (정체),https:/images/prd_img/20251212/5825967/detail_5825967_17665535536495_500.jpg,,False,2026-02-04 11:35:53
나이키,에어 맥스 모토 2K SE W - 블랙:앤트러사이트 / IO4862-001,IO4862-001,285,44,블랙,0,N/A,144000,IN_STOCK,0,0.0,N/A,0.99,F (정체),https:/images/prd_img/20251212/5825967/detail_5825967_17665535536495_500.jpg,,False,2026-02-04 11:35:53
나이키,에어 맥스 모토 2K SE W - 블랙:앤트러사이트 / IO4862-001,IO4862-001,290,44.5,블랙,0,N/A,144000,IN_STOCK,0,0.0,N/A,0.99,F (정체),https:/images/prd_img/20251212/5825967/detail_5825967_17665535536495_500.jpg,,False,2026-02-04 11:35:53
나이키,에어 맥스 모토 2K SE W - 블랙:앤트러사이트 / IO4862-001,IO4862-001,220,35.5,ONE COLOR,159000,OUT_OF_STOCK,184000,IN_STOCK,0,0.0,N/A,0.99,F (정체),https:/images/prd_img/20251212/5825967/detail_5825967_17665535536495_500.jpg,https://www.musinsa.com/products/5825967,False,2026-02-04 11:35:53
나이키,에어 맥스 모토 2K SE W - 블랙:앤트러사이트 / IO4862-001,IO4862-001,225,36,ONE COLOR,159000,IN_STOCK,140000,IN_STOCK,-19000,-11.95,LOSS,0.99,F (정체),https:/images/prd_img/20251212/5825967/detail_5825967_17665535536495_500.jpg,https://www.musinsa.com/products/5825967,False,2026-02-04 11:35:53
나이키,에어 맥스 모토 2K SE W - 블랙:앤트러사이트 / IO4862-001,IO4862-001,230,36.5,ONE COLOR,159000,IN_STOCK,140000,IN_STOCK,-19000,-11.95,LOSS,0.99,F (정체),https:/images/prd_img/20251212/5825967/detail_5825967_17665535536495_500.jpg,https://www.musinsa.com/products/5825967,False,2026-02-04 11:35:53
나이키,에어 맥스 모토 2K SE W - 블랙:앤트러사이트 / IO4862-001,IO4862-001,235,37.5,ONE COLOR,159000,IN_STOCK,140000,IN_STOCK,-19000,-11.95,LOSS,0.99,F (정체),https:/images/prd_img/20251212/5825967/detail_5825967_17665535536495_500.jpg,https://www.musinsa.com/products/5825967,False,2026-02-04 11:35:53
나이키,에어 맥스 모토 2K SE W - 블랙:앤트러사이트 / IO4862-001,IO4862-001,240,38,ONE COLOR,159000,IN_STOCK,140000,IN_STOCK,-19000,-11.95,LOSS,0.99,F (정체),https:/images/prd_img/20251212/5825967/detail_5825967_17665535536495_500.jpg,https://www.musinsa.com/products/5825967,False,2026-02-04 11:35:53
나이키,에어 맥스 모토 2K SE W - 블랙:앤트러사이트 / IO4862-001,IO4862-001,245,38.5,ONE COLOR,159000,IN_STOCK,140000,IN_STOCK,-19000,-11.95,LOSS,0.99,F (정체),https:/images/prd_img/20251212/5825967/detail_5825967_17665535536495_500.jpg,https://www.musinsa.com/products/5825967,False,2026-02-04 11:35:53
나이키,에어 맥스 모토 2K SE W - 블랙:앤트러사이트 / IO4862-001,IO4862-001,250,39,ONE COLOR,159000,IN_STOCK,140000,IN_STOCK,-19000,-11.95,LOSS,0.99,F (정체),https:/images/prd_img/20251212/5825967/detail_5825967_17665535536495_500.jpg,https://www.musinsa.com/products/5825967,False,2026-02-04 11:35:53
나이키,에어 맥스 모토 2K SE W - 블랙:앤트러사이트 / IO4862-001,IO4862-001,255,40,ONE COLOR,159000,IN_STOCK,140000,IN_STOCK,-19000,-11.95,LOSS,0.99,F (정체),https:/images/prd_img/20251212/5825967/detail_5825967_17665535536495_500.jpg,https://www.musinsa.com/products/5825967,False,2026-02-04 11:35:53
나이키,에어 맥스 모토 2K SE W - 블랙:앤트러사이트 / IO4862-001,IO4862-001,260,40.5,ONE COLOR,159000,OUT_OF_STOCK,140000,IN_STOCK,0,0.0,N/A,0.99,F (정체),https:/images/prd_img/20251212/5825967/detail_5825967_17665535536495_500.jpg,https://www.musinsa.com/products/5825967,False,2026-02-04 11:35:53
나이키,에어 맥스 모토 2K SE W - 블랙:앤트러사이트 / IO4862-001,IO4862-001,270,42,ONE COLOR,159000,OUT_OF_STOCK,144000,IN_STOCK,0,0.0,N/A,0.99,F (정체),https:/images/prd_img/20251212/5825967/detail_5825967_17665535536495_500.jpg,https://www.musinsa.com/products/5825967,False,2026-02-04 11:35:53
아디다스,클래식 트랙탑 - 나이트인디고:화이트 / KE3526,KE3526,2,2XS,미드나잇 인디고,0,N/A,203000,IN_STOCK,0,0.0,N/A,344.54,B (양호),https:/images/prd_img/20260106/5870528/detail_5870528_17677549464744_500.jpg,,False,2026-02-04 11:35:53
아디다스,클래식 트랙탑 - 나이트인디고:화이트 / KE3526,KE3526,115,3XL,미드나잇 인디고,0,N/A,93000,IN_STOCK,0,0.0,N/A,344.54,B (양호),https:/images/prd_img/20260106/5870528/detail_5870528_17677549464744_500.jpg,,False,2026-02-04 11:35:53
아디다스,클래식 트랙탑 - 나이트인디고:화이트 / KE3526,KE3526,85,XS,ONE COLOR,109000,IN_STOCK,88000,IN_STOCK,-21000,-19.27,LOSS,344.54,B (양호),https:/images/prd_img/20260106/5870528/detail_5870528_17677549464744_500.jpg,https://www.musinsa.com/products/5870528,False,2026-02-04 11:35:53
아디다스,클래식 트랙탑 - 나이트인디고:화이트 / KE3526,KE3526,90,S,ONE COLOR,109000,IN_STOCK,95000,IN_STOCK,-14000,-12.84,LOSS,344.54,B (양호),https:/images/prd_img/20260106/5870528/detail_5870528_17677549464744_500.jpg,https://www.musinsa.com/products/5870528,False,2026-02-04 11:35:53
아디다스,클래식 트랙탑 - 나이트인디고:화이트 / KE3526,KE3526,95,M,ONE COLOR,109000,IN_STOCK,91000,IN_STOCK,-18000,-16.51,LOSS,344.54,B (양호),https:/images/prd_img/20260106/5870528/detail_5870528_17677549464744_500.jpg,https://www.musinsa.com/products/5870528,False,2026-02-04 11:35:53
아디다스,클래식 트랙탑 - 나이트인디고:화이트 / KE3526,KE3526,100,L,ONE COLOR,109000,IN_STOCK,97000,IN_STOCK,-12000,-11.01,LOSS,344.54,B (양호),https:/images/prd_img/20260106/5870528/detail_5870528_17677549464744_500.jpg,https://www.musinsa.com/products/5870528,False,2026-02-04 11:35:53
아디다스,클래식 트랙탑 - 나이트인디고:화이트 / KE3526,KE3526,105,XL,ONE COLOR,109000,IN_STOCK,88000,IN_STOCK,-21000,-19.27,LOSS,344.54,B (양호),https:/images/prd_img/20260106/5870528/detail_5870528_17677549464744_500.jpg,https://www.musinsa.com/products/5870528,False,2026-02-04 11:35:53
아디다스,클래식 트랙탑 - 나이트인디고:화이트 / KE3526,KE3526,110,2XL,ONE COLOR,109000,IN_STOCK,84000,IN_STOCK,-25000,-22.94,LOSS,344.54,B (양호),https:/images/prd_img/20260106/5870528/detail_5870528_17677549464744_500.jpg,https://www.musinsa.com/products/5870528,False,2026-02-04 11:35:53
노스페이스,NE3HR02L 화이트라벨 WL 돔 리버시블 햇_WHITE SAND,NE3HR02L,F,F,,0,N/A,43000,IN_STOCK,0,0.0,N/A,0.0,F (정체),https:/images/prd_img/20250421/5047456/detail_5047456_17452157369752_500.jpg,,False,2026-02-04 11:35:53
노스페이스,NE3HR02L 화이트라벨 WL 돔 리버시블 햇_WHITE SAND,NE3HR02L,ONE,-,WHITE SAND,30800,IN_STOCK,0,N/A,0,0.0,N/A,0.0,F (정체),https:/images/prd_img/20250421/5047456/detail_5047456_17452157369752_500.jpg,https://www.musinsa.com/products/5047456,False,2026-02-04 11:35:53
나이키,클럽 언스트럭처드 퓨추라 워시 캡 - 세일:다크 팀 레드 / FB5368-134,FB5368-134,90,S/M,ONE COLOR,35000,OUT_OF_STOCK,51000,IN_STOCK,0,0.0,N/A,0.12,F (정체),https:/images/prd_img/20251014/5590700/detail_5590700_17606671329122_500.jpg,https://www.musinsa.com/products/5590700,True,2026-02-04 11:35:53
나이키,클럽 언스트럭처드 퓨추라 워시 캡 - 세일:다크 팀 레드 / FB5368-134,FB5368-134,95,M/L,ONE COLOR,35000,IN_STOCK,50000,IN_STOCK,15000,42.86,PROFIT,0.12,F (정체),https:/images/prd_img/20251014/5590700/detail_5590700_17606671329122_500.jpg,https://www.musinsa.com/products/5590700,True,2026-02-04 11:35:53
나이키,클럽 언스트럭처드 퓨추라 워시 캡 - 세일:다크 팀 레드 / FB5368-134,FB5368-134,100,L/XL,ONE COLOR,35000,IN_STOCK,53000,IN_STOCK,18000,51.43,PROFIT,0.12,F (정체),https:/images/prd_img/20251014/5590700/detail_5590700_17606671329122_500.jpg,https://www.musinsa.com/products/5590700,True,2026-02-04 11:35:53
나이키,프로 드라이 핏 타이트 민소매 피트니스 탑 M - 블랙:화이트 / FB7915-010,FB7915-010,80,XS,블랙,0,N/A,0,OUT_OF_STOCK,0,0.0,N/A,10.59,F (정체),https:/images/prd_img/20250310/4873658/detail_4873658_17417570533708_500.jpg,,True,2026-02-04 11:35:53
나이키,프로 드라이 핏 타이트 민소매 피트니스 탑 M - 블랙:화이트 / FB7915-010,FB7915-010,104,XXXL,블랙,0,N/A,0,OUT_OF_STOCK,0,0.0,N/A,10.59,F (정체),https:/images/prd_img/20250310/4873658/detail_4873658_17417570533708_500.jpg,,True,2026-02-04 11:35:53
나이키,프로 드라이 핏 타이트 민소매 피트니스 탑 M - 블랙:화이트 / FB7915-010,FB7915-010,108,XXXXL,블랙,0,N/A,0,OUT_OF_STOCK,0,0.0,N/A,10.59,F (정체),https:/images/prd_img/20250310/4873658/detail_4873658_17417570533708_500.jpg,,True,2026-02-04 11:35:53
나이키,프로 드라이 핏 타이트 민소매 피트니스 탑 M - 블랙:화이트 / FB7915-010,FB7915-010,90,S,ONE COLOR,35000,OUT_OF_STOCK,46000,IN_STOCK,0,0.0,N/A,10.59,F (정체),https:/images/prd_img/20250310/4873658/detail_4873658_17417570533708_500.jpg,https://www.musinsa.com/products/4873658,True,2026-02-04 11:35:53
나이키,프로 드라이 핏 타이트 민소매 피트니스 탑 M - 블랙:화이트 / FB7915-010,FB7915-010,95,M,ONE COLOR,35000,OUT_OF_STOCK,43000,IN_STOCK,0,0.0,N/A,10.59,F (정체),https:/images/prd_img/20250310/4873658/detail_4873658_17417570533708_500.jpg,https://www.musinsa.com/products/4873658,True,2026-02-04 11:35:53
나이키,프로 드라이 핏 타이트 민소매 피트니스 탑 M - 블랙:화이트 / FB7915-010,FB7915-010,100,L,ONE COLOR,35000,OUT_OF_STOCK,41000,IN_STOCK,0,0.0,N/A,10.59,F (정체),https:/images/prd_img/20250310/4873658/detail_4873658_17417570533708_500.jpg,https://www.musinsa.com/products/4873658,True,2026-02-04 11:35:53
나이키,프로 드라이 핏 타이트 민소매 피트니스 탑 M - 블랙:화이트 / FB7915-010,FB7915-010,105,XL,ONE COLOR,35000,IN_STOCK,47000,IN_STOCK,12000,34.29,PROFIT,10.59,F (정체),https:/images/prd_img/20250310/4873658/detail_4873658_17417570533708_500.jpg,https://www.musinsa.com/products/4873658,True,2026-02-04 11:35:53
나이키,프로 드라이 핏 타이트 민소매 피트니스 탑 M - 블랙:화이트 / FB7915-010,FB7915-010,110,XXL,ONE COLOR,35000,IN_STOCK,41000,IN_STOCK,6000,17.14,PROFIT,10.59,F (정체),https:/images/prd_img/20250310/4873658/detail_4873658_17417570533708_500.jpg,https://www.musinsa.com/products/4873658,True,2026-02-04 11:35:53
나이키,에어 포스 1 07 M - 화이트 / CW2288-111,CW2288-111,230,36,화이트,0,N/A,265000,IN_STOCK,0,0.0,N/A,1156.92,A (매우 빠름),https:/images/prd_img/20240321/3976350/detail_3976350_17115805077361_500.jpg,,False,2026-02-04 11:35:53
나이키,에어 포스 1 07 M - 화이트 / CW2288-111,CW2288-111,315,48,화이트,0,N/A,0,OUT_OF_STOCK,0,0.0,N/A,1156.92,A (매우 빠름),https:/images/prd_img/20240321/3976350/detail_3976350_17115805077361_500.jpg,,False,2026-02-04 11:35:53
나이키,에어 포스 1 07 M - 화이트 / CW2288-111,CW2288-111,320,48.5,화이트,0,N/A,144000,IN_STOCK,0,0.0,N/A,1156.92,A (매우 빠름),https:/images/prd_img/20240321/3976350/detail_3976350_17115805077361_500.jpg,,False,2026-02-04 11:35:53
나이키,에어 포스 1 07 M - 화이트 / CW2288-111,CW2288-111,330,49.5,화이트,0,N/A,153000,IN_STOCK,0,0.0,N/A,1156.92,A (매우 빠름),https:/images/prd_img/20240321/3976350/detail_3976350_17115805077361_500.jpg,,False,2026-02-04 11:35:53
나이키,에어 포스 1 07 M - 화이트 / CW2288-111,CW2288-111,340,50.5,화이트,0,N/A,171000,IN_STOCK,0,0.0,N/A,1156.92,A (매우 빠름),https:/images/prd_img/20240321/3976350/detail_3976350_17115805077361_500.jpg,,False,2026-02-04 11:35:53
나이키,에어 포스 1 07 M - 화이트 / CW2288-111,CW2288-111,350,51.5,화이트,0,N/A,0,OUT_OF_STOCK,0,0.0,N/A,1156.92,A (매우 빠름),https:/images/prd_img/20240321/3976350/detail_3976350_17115805077361_500.jpg,,False,2026-02-04 11:35:53
나이키,에어 포스 1 07 M - 화이트 / CW2288-111,CW2288-111,240,37.5,ONE COLOR,149000,IN_STOCK,0,OUT_OF_STOCK,0,0.0,N/A,1156.92,A (매우 빠름),https:/images/prd_img/20240321/3976350/detail_3976350_17115805077361_500.jpg,https://www.musinsa.com/products/3976350,False,2026-02-04 11:35:53
나이키,에어 포스 1 07 M - 화이트 / CW2288-111,CW2288-111,245,38.5,ONE COLOR,149000,IN_STOCK,136000,IN_STOCK,-13000,-8.72,LOSS,1156.92,A (매우 빠름),https:/images/prd_img/20240321/3976350/detail_3976350_17115805077361_500.jpg,https://www.musinsa.com/products/3976350,False,2026-02-04 11:35:53
나이키,에어 포스 1 07 M - 화이트 / CW2288-111,CW2288-111,250,40,ONE COLOR,149000,IN_STOCK,136000,IN_STOCK,-13000,-8.72,LOSS,1156.92,A (매우 빠름),https:/images/prd_img/20240321/3976350/detail_3976350_17115805077361_500.jpg,https://www.musinsa.com/products/3976350,False,2026-02-04 11:35:53
나이키,에어 포스 1 07 M - 화이트 / CW2288-111,CW2288-111,255,40.5,ONE COLOR,149000,IN_STOCK,128000,IN_STOCK,-21000,-14.09,LOSS,1156.92,A (매우 빠름),https:/images/prd_img/20240321/3976350/detail_3976350_17115805077361_500.jpg,https://www.musinsa.com/products/3976350,False,2026-02-04 11:35:53
나이키,에어 포스 1 07 M - 화이트 / CW2288-111,CW2288-111,260,41,ONE COLOR,149000,IN_STOCK,122000,IN_STOCK,-27000,-18.12,LOSS,1156.92,A (매우 빠름),https:/images/prd_img/20240321/3976350/detail_3976350_17115805077361_500.jpg,https://www.musinsa.com/products/3976350,False,2026-02-04 11:35:53
나이키,에어 포스 1 07 M - 화이트 / CW2288-111,CW2288-111,265,42,ONE COLOR,149000,IN_STOCK,113000,IN_STOCK,-36000,-24.16,LOSS,1156.92,A (매우 빠름),https:/images/prd_img/20240321/3976350/detail_3976350_17115805077361_500.jpg,https://www.musinsa.com/products/3976350,False,2026-02-04 11:35:53
나이키,에어 포스 1 07 M - 화이트 / CW2288-111,CW2288-111,270,42.5,ONE COLOR,149000,IN_STOCK,114000,IN_STOCK,-35000,-23.49,LOSS,1156.92,A (매우 빠름),https:/images/prd_img/20240321/3976350/detail_3976350_17115805077361_500.jpg,https://www.musinsa.com/products/3976350,False,2026-02-04 11:35:53
나이키,에어 포스 1 07 M - 화이트 / CW2288-111,CW2288-111,275,43,ONE COLOR,149000,IN_STOCK,113000,IN_STOCK,-36000,-24.16,LOSS,1156.92,A (매우 빠름),https:/images/prd_img/20240321/3976350/detail_3976350_17115805077361_500.jpg,https://www.musinsa.com/products/3976350,False,2026-02-04 11:35:53
나이키,에어 포스 1 07 M - 화이트 / CW2288-111,CW2288-111,280,44,ONE COLOR,149000,IN_STOCK,126000,IN_STOCK,-23000,-15.44,LOSS,1156.92,A (매우 빠름),https:/images/prd_img/20240321/3976350/detail_3976350_17115805077361_500.jpg,https://www.musinsa.com/products/3976350,False,2026-02-04 11:35:53
나이키,에어 포스 1 07 M - 화이트 / CW2288-111,CW2288-111,285,44.5,ONE COLOR,149000,IN_STOCK,120000,IN_STOCK,-29000,-19.46,LOSS,1156.92,A (매우 빠름),https:/images/prd_img/20240321/3976350/detail_3976350_17115805077361_500.jpg,https://www.musinsa.com/products/3976350,False,2026-02-04 11:35:53
나이키,에어 포스 1 07 M - 화이트 / CW2288-111,CW2288-111,290,45,ONE COLOR,149000,IN_STOCK,128000,IN_STOCK,-21000,-14.09,LOSS,1156.92,A (매우 빠름),https:/images/prd_img/20240321/3976350/detail_3976350_17115805077361_500.jpg,https://www.musinsa.com/products/3976350,False,2026-02-04 11:35:53
나이키,에어 포스 1 07 M - 화이트 / CW2288-111,CW2288-111,295,45.5,ONE COLOR,149000,IN_STOCK,138000,IN_STOCK,-11000,-7.38,LOSS,1156.92,A (매우 빠름),https:/images/prd_img/20240321/3976350/detail_3976350_17115805077361_500.jpg,https://www.musinsa.com/products/3976350,False,2026-02-04 11:35:53
나이키,에어 포스 1 07 M - 화이트 / CW2288-111,CW2288-111,300,46,ONE COLOR,149000,IN_STOCK,138000,IN_STOCK,-11000,-7.38,LOSS,1156.92,A (매우 빠름),https:/images/prd_img/20240321/3976350/detail_3976350_17115805077361_500.jpg,https://www.musinsa.com/products/3976350,False,2026-02-04 11:35:53
나이키,에어 포스 1 07 M - 화이트 / CW2288-111,CW2288-111,305,47,ONE COLOR,149000,IN_STOCK,140000,IN_STOCK,-9000,-6.04,LOSS,1156.92,A (매우 빠름),https:/images/prd_img/20240321/3976350/detail_3976350_17115805077361_500.jpg,https://www.musinsa.com/products/3976350,False,2026-02-04 11:35:53
나이키,에어 포스 1 07 M - 화이트 / CW2288-111,CW2288-111,310,47.5,ONE COLOR,149000,IN_STOCK,138000,IN_STOCK,-11000,-7.38,LOSS,1156.92,A (매우 빠름),https:/images/prd_img/20240321/3976350/detail_3976350_17115805077361_500.jpg,https://www.musinsa.com/products/3976350,False,2026-02-04 11:35:53
나이키,에어 포스 1 07 M - 블랙 / CW2288-001,CW2288-001,225,35.5,워리어 블랙 (맞춤제작 양말*1 포함),0,N/A,0,OUT_OF_STOCK,0,0.0,N/A,1230.77,A (매우 빠름),https:/images/prd_img/20240321/3976349/detail_3976349_17115804642059_500.jpg,,False,2026-02-04 11:35:53
나이키,에어 포스 1 07 M - 블랙 / CW2288-001,CW2288-001,230,36,워리어 블랙,0,N/A,0,OUT_OF_STOCK,0,0.0,N/A,1230.77,A (매우 빠름),https:/images/prd_img/20240321/3976349/detail_3976349_17115804642059_500.jpg,,False,2026-02-04 11:35:53
나이키,에어 포스 1 07 M - 블랙 / CW2288-001,CW2288-001,235,36.5,워리어 블랙,0,N/A,0,OUT_OF_STOCK,0,0.0,N/A,1230.77,A (매우 빠름),https:/images/prd_img/20240321/3976349/detail_3976349_17115804642059_500.jpg,,False,2026-02-04 11:35:53
나이키,에어 포스 1 07 M - 블랙 / CW2288-001,CW2288-001,315,48,워리어 블랙,0,N/A,0,OUT_OF_STOCK,0,0.0,N/A,1230.77,A (매우 빠름),https:/images/prd_img/20240321/3976349/detail_3976349_17115804642059_500.jpg,,False,2026-02-04 11:35:53
나이키,에어 포스 1 07 M - 블랙 / CW2288-001,CW2288-001,320,48.5,워리어 블랙,0,N/A,130000,IN_STOCK,0,0.0,N/A,1230.77,A (매우 빠름),https:/images/prd_img/20240321/3976349/detail_3976349_17115804642059_500.jpg,,False,2026-02-04 11:35:53
나이키,에어 포스 1 07 M - 블랙 / CW2288-001,CW2288-001,330,49.5,워리어 블랙,0,N/A,120000,IN_STOCK,0,0.0,N/A,1230.77,A (매우 빠름),https:/images/prd_img/20240321/3976349/detail_3976349_17115804642059_500.jpg,,False,2026-02-04 11:35:53
나이키,에어 포스 1 07 M - 블랙 / CW2288-001,CW2288-001,335,50,워리어 블랙,0,N/A,0,OUT_OF_STOCK,0,0.0,N/A,1230.77,A (매우 빠름),https:/images/prd_img/20240321/3976349/detail_3976349_17115804642059_500.jpg,,False,2026-02-04 11:35:53
나이키,에어 포스 1 07 M - 블랙 / CW2288-001,CW2288-001,340,50.5,워리어 블랙,0,N/A,175000,IN_STOCK,0,0.0,N/A,1230.77,A (매우 빠름),https:/images/prd_img/20240321/3976349/detail_3976349_17115804642059_500.jpg,,False,2026-02-04 11:35:53
나이키,에어 포스 1 07 M - 블랙 / CW2288-001,CW2288-001,350,51.5,워리어 블랙,0,N/A,0,OUT_OF_STOCK,0,0.0,N/A,1230.77,A (매우 빠름),https:/images/prd_img/20240321/3976349/detail_3976349_17115804642059_500.jpg,,False,2026-02-04 11:35:53
나이키,에어 포스 1 07 M - 블랙 / CW2288-001,CW2288-001,360,52.5,워리어 블랙,0,N/A,0,OUT_OF_STOCK,0,0.0,N/A,1230.77,A (매우 빠름),https:/images/prd_img/20240321/3976349/detail_3976349_17115804642059_500.jpg,,False,2026-02-04 11:35:53
나이키,에어 포스 1 07 M - 블랙 / CW2288-001,CW2288-001,240,37.5,ONE COLOR,149000,OUT_OF_STOCK,0,OUT_OF_STOCK,0,0.0,N/A,1230.77,A (매우 빠름),https:/images/prd_img/20240321/3976349/detail_3976349_17115804642059_500.jpg,https://www.musinsa.com/products/3976349,False,2026-02-04 11:35:53
나이키,에어 포스 1 07 M - 블랙 / CW2288-001,CW2288-001,245,39,ONE COLOR,149000,IN_STOCK,117000,IN_STOCK,-32000,-21.48,LOSS,1230.77,A (매우 빠름),https:/images/prd_img/20240321/3976349/detail_3976349_17115804642059_500.jpg,https://www.musinsa.com/products/3976349,False,2026-02-04 11:35:53
나이키,에어 포스 1 07 M - 블랙 / CW2288-001,CW2288-001,250,40,ONE COLOR,149000,IN_STOCK,101000,IN_STOCK,-48000,-32.21,LOSS,1230.77,A (매우 빠름),https:/images/prd_img/20240321/3976349/detail_3976349_17115804642059_500.jpg,https://www.musinsa.com/products/3976349,False,2026-02-04 11:35:53
나이키,에어 포스 1 07 M - 블랙 / CW2288-001,CW2288-001,255,40.5,ONE COLOR,149000,IN_STOCK,103000,IN_STOCK,-46000,-30.87,LOSS,1230.77,A (매우 빠름),https:/images/prd_img/20240321/3976349/detail_3976349_17115804642059_500.jpg,https://www.musinsa.com/products/3976349,False,2026-02-04 11:35:53
나이키,에어 포스 1 07 M - 블랙 / CW2288-001,CW2288-001,260,41,ONE COLOR,149000,IN_STOCK,101000,IN_STOCK,-48000,-32.21,LOSS,1230.77,A (매우 빠름),https:/images/prd_img/20240321/3976349/detail_3976349_17115804642059_500.jpg,https://www.musinsa.com/products/3976349,False,2026-02-04 11:35:53
나이키,에어 포스 1 07 M - 블랙 / CW2288-001,CW2288-001,265,42,ONE COLOR,149000,IN_STOCK,107000,IN_STOCK,-42000,-28.19,LOSS,1230.77,A (매우 빠름),https:/images/prd_img/20240321/3976349/detail_3976349_17115804642059_500.jpg,https://www.musinsa.com/products/3976349,False,2026-02-04 11:35:53
나이키,에어 포스 1 07 M - 블랙 / CW2288-001,CW2288-001,270,42.5,ONE COLOR,149000,IN_STOCK,107000,IN_STOCK,-42000,-28.19,LOSS,1230.77,A (매우 빠름),https:/images/prd_img/20240321/3976349/detail_3976349_17115804642059_500.jpg,https://www.musinsa.com/products/3976349,False,2026-02-04 11:35:53
나이키,에어 포스 1 07 M - 블랙 / CW2288-001,CW2288-001,275,43,ONE COLOR,149000,IN_STOCK,107000,IN_STOCK,-42000,-28.19,LOSS,1230.77,A (매우 빠름),https:/images/prd_img/20240321/3976349/detail_3976349_17115804642059_500.jpg,https://www.musinsa.com/products/3976349,False,2026-02-04 11:35:53
나이키,에어 포스 1 07 M - 블랙 / CW2288-001,CW2288-001,280,44,ONE COLOR,149000,IN_STOCK,111000,IN_STOCK,-38000,-25.5,LOSS,1230.77,A (매우 빠름),https:/images/prd_img/20240321/3976349/detail_3976349_17115804642059_500.jpg,https://www.musinsa.com/products/3976349,False,2026-02-04 11:35:53
나이키,에어 포스 1 07 M - 블랙 / CW2288-001,CW2288-001,285,44.5,ONE COLOR,149000,IN_STOCK,124000,IN_STOCK,-25000,-16.78,LOSS,1230.77,A (매우 빠름),https:/images/prd_img/20240321/3976349/detail_3976349_17115804642059_500.jpg,https://www.musinsa.com/products/3976349,False,2026-02-04 11:35:53
나이키,에어 포스 1 07 M - 블랙 / CW2288-001,CW2288-001,290,45,ONE COLOR,149000,IN_STOCK,136000,IN_STOCK,-13000,-8.72,LOSS,1230.77,A (매우 빠름),https:/images/prd_img/20240321/3976349/detail_3976349_17115804642059_500.jpg,https://www.musinsa.com/products/3976349,False,2026-02-04 11:35:53
나이키,에어 포스 1 07 M - 블랙 / CW2288-001,CW2288-001,295,45.5,ONE COLOR,149000,IN_STOCK,120000,IN_STOCK,-29000,-19.46,LOSS,1230.77,A (매우 빠름),https:/images/prd_img/20240321/3976349/detail_3976349_17115804642059_500.jpg,https://www.musinsa.com/products/3976349,False,2026-02-04 11:35:53
나이키,에어 포스 1 07 M - 블랙 / CW2288-001,CW2288-001,300,46,ONE COLOR,149000,IN_STOCK,136000,IN_STOCK,-13000,-8.72,LOSS,1230.77,A (매우 빠름),https:/images/prd_img/20240321/3976349/detail_3976349_17115804642059_500.jpg,https://www.musinsa.com/products/3976349,False,2026-02-04 11:35:53
나이키,에어 포스 1 07 M - 블랙 / CW2288-001,CW2288-001,305,47,ONE COLOR,149000,IN_STOCK,140000,IN_STOCK,-9000,-6.04,LOSS,1230.77,A (매우 빠름),https:/images/prd_img/20240321/3976349/detail_3976349_17115804642059_500.jpg,https://www.musinsa.com/products/3976349,False,2026-02-04 11:35:53
나이키,에어 포스 1 07 M - 블랙 / CW2288-001,CW2288-001,310,47.5,ONE COLOR,149000,IN_STOCK,138000,IN_STOCK,-11000,-7.38,LOSS,1230.77,A (매우 빠름),https:/images/prd_img/20240321/3976349/detail_3976349_17115804642059_500.jpg,https://www.musinsa.com/products/3976349,False,2026-02-04 11:35:53
나이키,에어 포스 1 07 W - 화이트 / DD8959-100,DD8959-100,34.5,34.5,,0,N/A,0,OUT_OF_STOCK,0,0.0,N/A,935.38,A (매우 빠름),https:/images/prd_img/20240701/4226785/detail_4226785_17207613277959_500.jpg,,False,2026-02-04 11:35:53
나이키,에어 포스 1 07 W - 화이트 / DD8959-100,DD8959-100,215,35,,0,N/A,0,OUT_OF_STOCK,0,0.0,N/A,935.38,A (매우 빠름),https:/images/prd_img/20240701/4226785/detail_4226785_17207613277959_500.jpg,,False,2026-02-04 11:35:53
나이키,에어 포스 1 07 W - 화이트 / DD8959-100,DD8959-100,220,35.5,ONE COLOR,149000,IN_STOCK,115000,IN_STOCK,-34000,-22.82,LOSS,935.38,A (매우 빠름),https:/images/prd_img/20240701/4226785/detail_4226785_17207613277959_500.jpg,https://www.musinsa.com/products/4226785,False,2026-02-04 11:35:53
나이키,에어 포스 1 07 W - 화이트 / DD8959-100,DD8959-100,225,36,ONE COLOR,149000,IN_STOCK,117000,IN_STOCK,-32000,-21.48,LOSS,935.38,A (매우 빠름),https:/images/prd_img/20240701/4226785/detail_4226785_17207613277959_500.jpg,https://www.musinsa.com/products/4226785,False,2026-02-04 11:35:53
나이키,에어 포스 1 07 W - 화이트 / DD8959-100,DD8959-100,230,36.5,ONE COLOR,149000,IN_STOCK,105000,IN_STOCK,-44000,-29.53,LOSS,935.38,A (매우 빠름),https:/images/prd_img/20240701/4226785/detail_4226785_17207613277959_500.jpg,https://www.musinsa.com/products/4226785,False,2026-02-04 11:35:53
나이키,에어 포스 1 07 W - 화이트 / DD8959-100,DD8959-100,235,37.5,ONE COLOR,149000,IN_STOCK,103000,IN_STOCK,-46000,-30.87,LOSS,935.38,A (매우 빠름),https:/images/prd_img/20240701/4226785/detail_4226785_17207613277959_500.jpg,https://www.musinsa.com/products/4226785,False,2026-02-04 11:35:53
나이키,에어 포스 1 07 W - 화이트 / DD8959-100,DD8959-100,240,38,ONE COLOR,149000,IN_STOCK,105000,IN_STOCK,-44000,-29.53,LOSS,935.38,A (매우 빠름),https:/images/prd_img/20240701/4226785/detail_4226785_17207613277959_500.jpg,https://www.musinsa.com/products/4226785,False,2026-02-04 11:35:53
나이키,에어 포스 1 07 W - 화이트 / DD8959-100,DD8959-100,245,38.5,ONE COLOR,149000,IN_STOCK,103000,IN_STOCK,-46000,-30.87,LOSS,935.38,A (매우 빠름),https:/images/prd_img/20240701/4226785/detail_4226785_17207613277959_500.jpg,https://www.musinsa.com/products/4226785,False,2026-02-04 11:35:53
나이키,에어 포스 1 07 W - 화이트 / DD8959-100,DD8959-100,250,39,ONE COLOR,149000,IN_STOCK,112000,IN_STOCK,-37000,-24.83,LOSS,935.38,A (매우 빠름),https:/images/prd_img/20240701/4226785/detail_4226785_17207613277959_500.jpg,https://www.musinsa.com/products/4226785,False,2026-02-04 11:35:53
나이키,에어 포스 1 07 W - 화이트 / DD8959-100,DD8959-100,255,40,ONE COLOR,149000,IN_STOCK,126000,IN_STOCK,-23000,-15.44,LOSS,935.38,A (매우 빠름),https:/images/prd_img/20240701/4226785/detail_4226785_17207613277959_500.jpg,https://www.musinsa.com/products/4226785,False,2026-02-04 11:35:53
나이키,에어 포스 1 07 W - 화이트 / DD8959-100,DD8959-100,260,40.5,ONE COLOR,149000,IN_STOCK,146000,IN_STOCK,-3000,-2.01,LOSS,935.38,A (매우 빠름),https:/images/prd_img/20240701/4226785/detail_4226785_17207613277959_500.jpg,https://www.musinsa.com/products/4226785,False,2026-02-04 11:35:53
나이키,에어 포스 1 07 W - 화이트 / DD8959-100,DD8959-100,265,41,,0,N/A,134000,IN_STOCK,0,0.0,N/A,935.38,A (매우 빠름),https:/images/prd_img/20240701/4226785/detail_4226785_17207613277959_500.jpg,,False,2026-02-04 11:35:53
나이키,에어 포스 1 07 W - 화이트 / DD8959-100,DD8959-100,270,42,,0,N/A,146000,IN_STOCK,0,0.0,N/A,935.38,A (매우 빠름),https:/images/prd_img/20240701/4226785/detail_4226785_17207613277959_500.jpg,,False,2026-02-04 11:35:53
나이키,에어 포스 1 07 W - 화이트 / DD8959-100,DD8959-100,275,42.5,,0,N/A,146000,IN_STOCK,0,0.0,N/A,935.38,A (매우 빠름),https:/images/prd_img/20240701/4226785/detail_4226785_17207613277959_500.jpg,,False,2026-02-04 11:35:53
나이키,에어 포스 1 07 W - 화이트 / DD8959-100,DD8959-100,280,43,,0,N/A,151000,IN_STOCK,0,0.0,N/A,935.38,A (매우 빠름),https:/images/prd_img/20240701/4226785/detail_4226785_17207613277959_500.jpg,,False,2026-02-04 11:35:53
나이키,에어 포스 1 07 W - 화이트 / DD8959-100,DD8959-100,285,44,,0,N/A,138000,IN_STOCK,0,0.0,N/A,935.38,A (매우 빠름),https:/images/prd_img/20240701/4226785/detail_4226785_17207613277959_500.jpg,,False,2026-02-04 11:35:53
나이키,에어 포스 1 07 W - 화이트 / DD8959-100,DD8959-100,290,44.5,,0,N/A,146000,IN_STOCK,0,0.0,N/A,935.38,A (매우 빠름),https:/images/prd_img/20240701/4226785/detail_4226785_17207613277959_500.jpg,,False,2026-02-04 11:35:53
나이키,에어 포스 1 07 W - 화이트 / DD8959-100,DD8959-100,300,45.5,,0,N/A,0,OUT_OF_STOCK,0,0.0,N/A,935.38,A (매우 빠름),https:/images/prd_img/20240701/4226785/detail_4226785_17207613277959_500.jpg,,False,2026-02-04 11:35:53
